country,continent,year,life_expectancy,population,gdp_per_capita,gdp_total_bn,log_gdp_per_capita
Afghanistan,Asia,1952,28.801,8425333,779.4453145,6.567086329952229,2.8917856507063857
Afghanistan,Asia,1957,30.332,9240934,820.8530296,7.585448670233647,2.914265405417257
Afghanistan,Asia,1962,31.997,10267083,853.10071,8.75885579692893,2.931000303401415
Afghanistan,Asia,1967,34.02,11537966,836.1971382,9.648014149848901,2.9223086768880684
Afghanistan,Asia,1972,36.088,13079460,739.9811058,9.678553274066868,2.8692206308775194
Afghanistan,Asia,1977,38.438,14880372,786.11336,11.697659230969919,2.895485177175058
Afghanistan,Asia,1982,39.854,12881816,978.0114388,12.598563400516861,2.9903439343158915
Afghanistan,Asia,1987,40.822,13867957,852.3959448,11.820990309460774,2.9306413749286353
Afghanistan,Asia,1992,41.674,16317921,649.3413952,10.595901588903379,2.8124730898185284
Afghanistan,Asia,1997,41.763,22227415,635.341351,14.121995875337666,2.8030071221803685
Afghanistan,Asia,2002,42.129,25268405,726.7340548,18.363410423978593,2.861375511734737
Afghanistan,Asia,2007,43.828,31889923,974.5803384,31.079291948889942,2.988817645491286
Albania,Europe,1952,55.23,1282697,1601.056136,2.053669902478792,3.204406559356923
Albania,Europe,1957,59.28,1476505,1942.284244,2.86779239768722,3.288312787141212
Albania,Europe,1962,64.82,1728137,2312.888958,3.996988985211246,3.364154782755279
Albania,Europe,1967,66.22,1984060,2760.196931,5.47639632291986,3.440940068657805
Albania,Europe,1972,67.69,2263554,3313.422188,7.500110047336152,3.5202767761285583
Albania,Europe,1977,68.93,2509048,3533.00391,8.86447639437768,3.548144118071835
Albania,Europe,1982,70.42,2780097,3630.880722,10.094200602590034,3.5600119821466922
Albania,Europe,1987,72.0,3075321,3738.932735,11.498418357532934,3.5727476520809116
Albania,Europe,1992,71.581,3326498,2497.437901,8.307722182800697,3.397494698264056
Albania,Europe,1997,72.95,3428038,3193.054604,10.945912518586953,3.5042063454148353
Albania,Europe,2002,75.651,3508512,4604.211737,16.153932129805344,3.6631552876111546
Albania,Europe,2007,76.423,3600523,5937.029526,21.3764113600421,3.773569208762169
Algeria,Africa,1952,43.077,9279525,2449.008185,22.725632677912124,3.3889902366128295
Algeria,Africa,1957,45.685,10270856,3013.976023,30.95611371968569,3.479139793061489
Algeria,Africa,1962,48.303,11000948,2550.81688,28.061403854402236,3.4066792822632332
Algeria,Africa,1967,51.407,12760499,3246.991771,41.43323524685373,3.5114811879749945
Algeria,Africa,1972,54.518,14760787,4182.663766,61.73940894254384,3.6214529541240323
Algeria,Africa,1977,58.014,17152804,4910.416756,84.22741617398381,3.69111835304969
Algeria,Africa,1982,61.368,20033753,5745.160213,115.09712065266939,3.7593021441908228
Algeria,Africa,1987,65.799,23254956,5681.358539,132.11974284466928,3.75445219758492
Algeria,Africa,1992,67.744,26298373,5023.216647,132.10242504261535,3.7009819093097804
Algeria,Africa,1997,69.152,29072015,4797.295051,139.4670336820978,3.6809964299690434
Algeria,Africa,2002,70.994,31287142,5288.040382,165.44767033336825,3.7232947629701716
Algeria,Africa,2007,72.301,33333216,6223.367465,207.44485195821744,3.7940254450966644
Angola,Africa,1952,30.015,4232095,3520.610273,14.899557133311934,3.546617951893976
Angola,Africa,1957,31.999,4561361,3827.940465,17.460618347372865,3.5829651746839484
Angola,Africa,1962,34.0,4826015,4269.276742,20.60359359604313,3.6303543074457933
Angola,Africa,1967,35.985,5247469,5522.776375,28.980597821744876,3.7421574583839643
Angola,Africa,1972,37.928,5894858,5473.288005,32.26425558257829,3.73824830136585
Angola,Africa,1977,39.483,6162675,3008.647355,18.541315838474624,3.4783712868584864
Angola,Africa,1982,39.942,7016384,2756.953672,19.343845632962047,3.4404294682589094
Angola,Africa,1987,39.906,7874230,2430.208311,19.13601918872553,3.385643501763068
Angola,Africa,1992,40.647,8735988,2627.845685,22.95682837001178,3.4195998585587133
Angola,Africa,1997,40.963,9875024,2277.140884,22.486820880881215,3.3573899007297774
Angola,Africa,2002,41.003,10866106,2773.287312,30.13483390064707,3.4429948647284108
Angola,Africa,2007,42.731,12420476,4797.231267,59.58389581822309,3.6809906556268164
Argentina,Americas,1952,62.485,17876956,5911.315053,105.67631910461867,3.771684106385458
Argentina,Americas,1957,64.399,19610538,6856.856212,134.46663930596205,3.836125042422979
Argentina,Americas,1962,65.142,21283783,7133.166023,151.82075773650502,3.8532823322547602
Argentina,Americas,1967,65.634,22934225,8052.953021,184.68823649804372,3.9059551655297824
Argentina,Americas,1972,67.065,24779799,9443.038526,233.99659662353628,3.9751117615378058
Argentina,Americas,1977,68.481,26983828,10079.02674,271.9707239595607,4.003418597401722
Argentina,Americas,1982,69.942,29341374,8997.897412,264.01067317912407,3.9541410373229584
Argentina,Americas,1987,70.774,31620918,9139.671389,289.0047995385151,3.960930581236068
Argentina,Americas,1992,71.868,33958947,9308.41871,316.1040976266984,3.9688759104282534
Argentina,Americas,1997,73.275,36203463,10967.28195,397.0535862873929,4.0400990085793165
Argentina,Americas,2002,74.34,38331121,8797.640716,337.22343079952265,3.944366221991296
Argentina,Americas,2007,75.32,40301927,12779.37964,515.0336253565662,4.106509772017686
Australia,Oceania,1952,69.12,8691212,10039.59564,87.25625410151567,4.001716221289762
Australia,Oceania,1957,70.33,9712569,10949.64959,106.34922716869671,4.039400221133724
Australia,Oceania,1962,70.93,10794968,12217.22686,131.8845730024405,4.086972638306241
Australia,Oceania,1967,71.1,11872264,14526.12465,172.4579867417076,4.162149766561911
Australia,Oceania,1972,71.93,13177000,16788.62948,221.22377065796,4.225015244466382
Australia,Oceania,1977,73.49,14074100,18334.19751,258.03732917549104,4.263261905591632
Australia,Oceania,1982,74.74,15184200,19477.00928,295.74280430937597,4.289522271181811
Australia,Oceania,1987,76.32,16257249,21888.88903,355.85311929407845,4.340223719522035
Australia,Oceania,1992,77.56,17481977,23424.76683,409.5112349524229,4.369675276616451
Australia,Oceania,1997,78.83,18565243,26997.93657,501.2232529206365,4.431330572658713
Australia,Oceania,2002,80.37,19546792,30687.75473,599.8471586543262,4.486965114432396
Australia,Oceania,2007,81.235,20434176,34435.36744,703.6583588936295,4.537004721452689
Austria,Europe,1952,66.8,6927772,6137.076492,42.516266683135825,3.7879615363271912
Austria,Europe,1957,67.48,6965860,8842.59803,61.59629991325579,3.9465798831491665
Austria,Europe,1962,69.54,7129864,10750.72111,76.65117941622906,4.031437595748411
Austria,Europe,1967,70.14,7376998,12834.6024,94.6808362355952,4.1083824193136085
Austria,Europe,1972,70.63,7544201,16661.6256,125.6986525131456,4.221717371300575
Austria,Europe,1977,72.17,7568430,19749.4223,149.472120217989,4.295554396388218
Austria,Europe,1982,73.18,7574613,21597.08362,163.58955035013906,4.334395109796612
Austria,Europe,1987,74.94,7578903,23687.82607,179.52773606540123,4.374525205546535
Austria,Europe,1992,76.04,7914969,27042.01868,214.03673954962093,4.4320391084552915
Austria,Europe,1997,77.51,8069876,29095.92066,234.80047183203814,4.463832103795515
Austria,Europe,2002,78.98,8148312,32417.60769,264.1487817517193,4.510780962228499
Austria,Europe,2007,79.829,8199783,36126.4927,296.2294006910841,4.557825800622185
Bahrain,Asia,1952,50.939,120447,9867.084765,1.188460758689955,3.994188859104682
Bahrain,Asia,1957,53.832,138655,11635.79945,1.6133617727397502,4.065796227312996
Bahrain,Asia,1962,56.923,171863,12753.27514,2.1918161253858197,4.105621729285686
Bahrain,Asia,1967,59.923,202182,14804.6727,2.9932383358314,4.170398810499031
Bahrain,Asia,1972,63.3,230800,18268.65839,4.2164063564120005,4.261706654894205
Bahrain,Asia,1977,65.593,297410,19340.10196,5.7519397239236,4.286458759330677
Bahrain,Asia,1982,69.052,377967,19211.14731,7.261179715318771,4.283553302161179
Bahrain,Asia,1987,70.75,454612,18524.02406,8.42124362596472,4.2677353364072825
Bahrain,Asia,1992,72.601,529491,19035.57917,10.079167850302472,4.279566095046292
Bahrain,Asia,1997,73.925,598561,20292.01679,12.146009861839191,4.307325212989016
Bahrain,Asia,2002,74.795,656397,23403.55927,15.36202609415019,4.369281910990156
Bahrain,Asia,2007,75.635,708573,29796.04834,21.11267536041882,4.474158670185966
Bangladesh,Asia,1952,37.484,46886859,684.2441716,32.082059995381,2.8352111067723493
Bangladesh,Asia,1957,39.348,51365468,661.6374577,33.985317661090704,2.820620084228771
Bangladesh,Asia,1962,41.216,56839289,686.3415538,39.011165929147246,2.8365402935718977
Bangladesh,Asia,1967,43.453,62821884,721.1860862,45.3062686496704,2.858047339313741
Bangladesh,Asia,1972,45.252,70759295,630.2336265,44.59488709643332,2.79950157150347
Bangladesh,Asia,1977,46.923,80428306,659.8772322,53.07280795381465,2.819463144121351
Bangladesh,Asia,1982,50.009,93074406,676.9818656,63.00968501349184,2.830577035339007
Bangladesh,Asia,1987,52.819,103764241,751.9794035,78.02857205181024,2.876205945553351
Bangladesh,Asia,1992,56.018,113704579,837.8101643,95.26285201365233,2.9231456249111223
Bangladesh,Asia,1997,59.412,123315288,972.7700352,119.95741704845814,2.988010184309703
Bangladesh,Asia,2002,62.013,135656790,1136.39043,154.15907792051968,3.055527567698124
Bangladesh,Asia,2007,64.062,150448339,1391.253792,209.31182213385148,3.143406361057001
Belgium,Europe,1952,68.0,8730405,8343.105127,72.83868671628643,3.9213277159305022
Belgium,Europe,1957,69.24,8989111,9714.960623,87.32885940077615,3.987441044642598
Belgium,Europe,1962,70.25,9218400,10991.20676,101.32134039638399,4.041045377631607
Belgium,Europe,1967,70.94,9556500,13149.04119,125.658812132235,4.118894085823975
Belgium,Europe,1972,71.44,9709100,16672.14356,161.871509038396,4.221991441245594
Belgium,Europe,1977,72.8,9821800,19117.97448,187.77292174766401,4.281441877544825
Belgium,Europe,1982,73.93,9856303,20979.84589,206.78371798514468,4.321802293706518
Belgium,Europe,1987,75.35,9870200,22525.56308,222.331812712216,4.35267565600983
Belgium,Europe,1992,76.46,10045622,25575.57069,256.9225155860192,4.407825333283617
Belgium,Europe,1997,77.53,10199787,27561.19663,281.1183350911178,4.44029806949553
Belgium,Europe,2002,78.32,10311970,30485.88375,314.3695186534875,4.484098789227883
Belgium,Europe,2007,79.441,10392226,33692.60508,350.1411665201081,4.5275345915133105
Benin,Africa,1952,38.223,1738315,1062.7522,1.8473980905429996,3.0264320126717377
Benin,Africa,1957,40.358,1925173,959.6010805,1.8473980909494263,2.9820907283067597
Benin,Africa,1962,42.618,2151895,949.4990641,2.0432222885414695,2.9774945409988858
Benin,Africa,1967,44.885,2427334,1035.831411,2.514308802188274,3.015289076615387
Benin,Africa,1972,47.014,2761407,1085.796879,2.998327102248753,3.0357485889912157
Benin,Africa,1977,49.19,3168267,1029.161251,3.260657629222017,3.012483426203602
Benin,Africa,1982,50.904,3641603,1277.897616,4.653595792118448,3.1064960599355054
Benin,Africa,1987,52.337,4243788,1225.85601,5.202273024965879,3.0884394606106547
Benin,Africa,1992,53.919,4981671,1191.207681,5.934204759414952,3.0759874851178277
Benin,Africa,1997,54.777,6066080,1232.975292,7.47932675929536,3.0909543737120537
Benin,Africa,2002,54.406,7026113,1372.877931,9.645995478412203,3.1376319237991015
Benin,Africa,2007,56.728,8078314,1441.284873,11.643151767544122,3.158749828520096
Bolivia,Americas,1952,40.414,2883315,2677.326347,7.7195752162003055,3.4277013118156043
Bolivia,Americas,1957,41.89,3211738,2127.686326,6.833571025294588,3.3279076025100207
Bolivia,Americas,1962,43.428,3593918,2180.972546,7.838236490575228,3.3386501987305803
Bolivia,Americas,1967,45.032,4040665,2586.886053,10.452739933345246,3.4127772993608403
Bolivia,Americas,1972,46.714,4565872,2980.331339,13.607811411462606,3.4742645495460733
Bolivia,Americas,1977,50.023,5079716,3548.097832,18.023329326775713,3.5499955861630674
Bolivia,Americas,1982,53.859,5642224,3156.510452,17.80973902852525,3.4992072317240126
Bolivia,Americas,1987,57.251,6156369,2753.69149,16.952740924599812,3.439915282436593
Bolivia,Americas,1992,59.957,6893451,2961.699694,20.416331717303994,3.4715410204746604
Bolivia,Americas,1997,62.05,7693188,3326.143191,25.58864488328291,3.5219409417333374
Bolivia,Americas,2002,63.883,8445134,3413.26269,28.82546079425046,3.5331697135430002
Bolivia,Americas,2007,65.554,9119152,3822.137084,34.85464903383277,3.582306259316878
Bosnia and Herzegovina,Europe,1952,53.82,2791000,973.5331948,2.7171311466868002,2.988350764353931
Bosnia and Herzegovina,Europe,1957,58.45,3076000,1353.989176,4.164870705376,3.1316151925453872
Bosnia and Herzegovina,Europe,1962,61.93,3349000,1709.683679,5.725730640970999,3.2329157658468115
Bosnia and Herzegovina,Europe,1967,64.79,3585000,2172.352423,7.787883436454999,3.3369302826794054
Bosnia and Herzegovina,Europe,1972,67.45,3819000,2860.16975,10.92298827525,3.4563918091082697
Bosnia and Herzegovina,Europe,1977,69.86,4086000,3528.481305,14.417374612229999,3.5475878207479483
Bosnia and Herzegovina,Europe,1982,70.69,4172693,4126.613157,17.2190898339218,3.6155937585176763
Bosnia and Herzegovina,Europe,1987,71.14,4338977,4314.114757,18.71884470598359,3.634891693309177
Bosnia and Herzegovina,Europe,1992,72.178,4256013,2546.781445,10.839134938078786,3.4059916770786165
Bosnia and Herzegovina,Europe,1997,73.244,3607000,4766.355904,17.192245745728002,3.6781864680088376
Bosnia and Herzegovina,Europe,2002,74.09,4165416,6018.975239,25.071535764134428,3.779522556717748
Bosnia and Herzegovina,Europe,2007,74.852,4552198,7446.298803,33.89702651841899,3.871940459479793
Botswana,Africa,1952,47.622,442308,851.2411407,0.37651076646073556,2.9300526050205478
Botswana,Africa,1957,49.618,474639,918.2325349,0.4358289721324011,2.9629526766648238
Botswana,Africa,1962,51.52,512764,983.6539764,0.5043823475547696,2.9928423519185503
Botswana,Africa,1967,53.298,553541,1214.709294,0.6723913973100539,3.0844723543805377
Botswana,Africa,1972,56.024,619351,2263.611114,1.401969807067014,3.3548018175910084
Botswana,Africa,1977,59.319,781472,3214.857818,2.512321368748096,3.5071617703478073
Botswana,Africa,1982,61.484,970347,4551.14215,4.4161871318260495,3.658120400436404
Botswana,Africa,1987,63.622,1151184,6205.88385,7.1441141939784005,3.79280364302125
Botswana,Africa,1992,62.745,1342614,7954.111645,10.67930165214003,3.9005916825095475
Botswana,Africa,1997,52.556,1536536,8647.142313,13.286645461047767,3.9368726065692394
Botswana,Africa,2002,46.634,1630347,11003.60508,17.939694531362758,4.041534995144169
Botswana,Africa,2007,50.728,1639131,12569.85177,20.60363370161187,4.0993301562976825
Brazil,Americas,1952,50.917,56602560,2108.944355,119.3716493905488,3.32406512092713
Brazil,Americas,1957,53.285,65551171,2487.365989,163.0497532845231,3.3957396917069675
Brazil,Americas,1962,55.665,76039390,3336.585802,253.71194906674077,3.5233022974337582
Brazil,Americas,1967,57.632,88049823,3429.864357,301.99894954785884,3.5352769450657298
Brazil,Americas,1972,59.504,100840058,4985.711467,502.7594335035451,3.697727141412922
Brazil,Americas,1977,61.489,114313951,6660.118654,761.344477467542,3.82348196645535
Brazil,Americas,1982,63.336,128962939,7030.835878,906.7172584535253,3.8470069602435792
Brazil,Americas,1987,65.205,142938076,7807.095818,1115.931255372566,3.8924895095777403
Brazil,Americas,1992,67.057,155975974,6950.283021,1084.0771637761375,3.842002489763631
Brazil,Americas,1997,69.388,168546719,7957.980824,1341.2915577501165,3.900802888311121
Brazil,Americas,2002,71.006,179914212,8131.212843,1462.9207512526248,3.910155329325562
Brazil,Americas,2007,72.39,190010647,9065.800825,1722.5986803313838,3.957406173408569
Bulgaria,Europe,1952,59.6,7274900,2444.286648,17.781940935535197,3.3881521354267963
Bulgaria,Europe,1957,66.61,7651254,3008.670727,23.020103934641657,3.478374660564344
Bulgaria,Europe,1962,69.51,8012946,4254.337839,34.089779369663695,3.6288319744683792
Bulgaria,Europe,1967,70.42,8310226,5577.0028,46.3461536706328,3.74640086253428
Bulgaria,Europe,1972,70.9,8576200,6597.494398,56.5814314561276,3.8193790301283554
Bulgaria,Europe,1977,70.81,8797022,7612.240438,66.96504660237564,3.8815124973301063
Bulgaria,Europe,1982,71.08,8892098,8224.191647,73.1303180959054,3.9150932220627768
Bulgaria,Europe,1987,71.34,8971958,8239.854824,73.92763140702539,3.9159195600355714
Bulgaria,Europe,1992,71.19,8658506,6302.623438,54.571302853663624,3.7995213601663793
Bulgaria,Europe,1997,70.32,8066057,5970.38876,48.157496050319324,3.776002610999688
Bulgaria,Europe,2002,72.14,7661799,7696.777725,58.97116387662727,3.8863089447639965
Bulgaria,Europe,2007,73.005,7322858,10680.79282,78.21392914827958,4.028603490948318
Burkina Faso,Africa,1952,31.975,4469979,543.2552413,2.428339520250933,2.735003925064697
Burkina Faso,Africa,1957,34.906,4713416,617.1834648,2.9090424179237573,2.7904142821961777
Burkina Faso,Africa,1962,37.814,4919632,722.5120206,3.5544932569284193,2.858845076946678
Burkina Faso,Africa,1967,40.697,5127935,794.8265597,4.075818934415219,2.900272370942091
Burkina Faso,Africa,1972,43.591,5433886,854.7359763,4.644537855312901,2.9318319840337232
Burkina Faso,Africa,1977,46.137,5889574,743.3870368,4.378232963874324,2.871214983588717
Burkina Faso,Africa,1982,48.122,6634596,807.1985855,5.355436506563958,2.906980392190595
Burkina Faso,Africa,1987,49.557,7586551,912.0631417,6.919413539727277,2.960024905370803
Burkina Faso,Africa,1992,50.26,8878303,931.7527731,8.27238344067205,2.9693006939831466
Burkina Faso,Africa,1997,50.324,10352843,946.2949618,9.796843171206397,2.976026527855806
Burkina Faso,Africa,2002,50.65,12251209,1037.645221,12.71240847032219,3.0160488902182916
Burkina Faso,Africa,2007,52.295,14326203,1217.032994,17.435461729741778,3.0853023521971163
Burundi,Africa,1952,39.031,2445618,339.2964587,0.8297895267329767,2.530579326856804
Burundi,Africa,1957,40.533,2667518,379.5646281,1.0124954776200559,2.579285733426615
Burundi,Africa,1962,42.045,2961915,355.2032273,1.0520817669882794,2.5504769030305896
Burundi,Africa,1967,43.548,3330989,412.9775136,1.3756235550489504,2.615926405202885
Burundi,Africa,1972,44.057,3529983,464.0995039,1.6382633590754336,2.66661110417941
Burundi,Africa,1977,45.91,3834415,556.1032651,2.1323307012484167,2.7451554449973283
Burundi,Africa,1982,47.471,4580410,559.603231,2.5632122353047104,2.7478802133276887
Burundi,Africa,1987,48.211,5126023,621.8188189,3.1874575675142345,2.793663861516678
Burundi,Africa,1992,44.736,5809236,631.6998778,3.669693671311361,2.800510792881718
Burundi,Africa,1997,45.326,6121610,463.1151478,2.835010319923958,2.665688986345575
Burundi,Africa,2002,47.36,7021078,446.4035126,3.134233881438583,2.649727603261053
Burundi,Africa,2007,49.58,8390505,430.0706916,3.608510288223258,2.6335398473202094
Cambodia,Asia,1952,39.417,4693836,368.4692856,1.7295343976435615,2.566401292329748
Cambodia,Asia,1957,41.366,5322536,434.0383364,2.3101846708691105,2.6375280902306697
Cambodia,Asia,1962,43.415,6083619,496.9136476,3.0230333078986646,2.6962809246907486
Cambodia,Asia,1967,45.415,6960067,523.4323142,3.643123976797051,2.718860530389353
Cambodia,Asia,1972,40.317,7450606,421.6240257,3.141354495624574,2.6249253506191907
Cambodia,Asia,1977,31.22,6978607,524.9721832,3.663574552484803,2.7201362919720538
Cambodia,Asia,1982,50.957,7272485,624.4754784,4.541488549531824,2.79551538938004
Cambodia,Asia,1987,53.914,8371791,683.8955732,5.7254308046556,2.8349897925895373
Cambodia,Asia,1992,55.803,10150094,682.3031755,6.925441367823497,2.8339773925299694
Cambodia,Asia,1997,56.534,11782962,734.28517,8.65205425527354,2.8658647570622273
Cambodia,Asia,2002,56.752,12926707,896.2260153,11.585251105560618,2.952417546291209
Cambodia,Asia,2007,59.723,14131858,1713.778686,24.21887703397859,3.2339547372751722
Cameroon,Africa,1952,38.523,5009067,1172.667655,5.873970852627885,3.069174946428669
Cameroon,Africa,1957,40.428,5359923,1313.048099,7.037836705936377,3.1182806352651684
Cameroon,Africa,1962,42.643,5793633,1399.607441,8.108811857223154,3.146006242739598
Cameroon,Africa,1967,44.799,6335506,1508.453148,9.556813969872888,3.1785318256936015
Cameroon,Africa,1972,47.049,7021028,1684.146528,11.824439929190785,3.226379874297507
Cameroon,Africa,1977,49.355,7959865,1783.432873,14.195884905642146,3.251256767481872
Cameroon,Africa,1982,52.961,9250831,2367.983282,21.90581315260734,3.3743786319356888
Cameroon,Africa,1987,54.985,10780667,2602.664206,28.0584561177054,3.4154181393391547
Cameroon,Africa,1992,54.314,12467171,1793.163278,22.355673217746535,3.25361983641433
Cameroon,Africa,1997,52.199,14195809,1694.337469,24.052491091467424,3.2289999150430573
Cameroon,Africa,2002,49.856,15929988,1934.011449,30.808779174432612,3.28645904069983
Cameroon,Africa,2007,50.43,17696293,2042.09524,36.13751570094532,3.3100759930113757
Canada,Americas,1952,68.75,14785584,11367.16112,168.0701155812941,4.055652015799267
Canada,Americas,1957,69.96,17010154,12489.95006,212.45597397290925,4.096560701888164
Canada,Americas,1962,71.3,18985849,13462.48555,255.59671781698194,4.129125250154979
Canada,Americas,1967,72.13,20819767,16076.58803,334.71081693958905,4.206193882909004
Canada,Americas,1972,72.88,22284500,18970.57086,422.74968632967,4.278080399819484
Canada,Americas,1977,74.21,23796400,22090.88306,525.683489648984,4.344213076687185
Canada,Americas,1982,75.76,25201900,22898.79214,577.0930696330661,4.35981257488279
Canada,Americas,1987,76.86,26549700,26626.51503,706.9259860919909,4.425314328200769
Canada,Americas,1992,77.95,28523502,26342.88426,751.3913118758785,4.4206633237626605
Canada,Americas,1997,78.61,30305843,28954.92589,877.5034380989753,4.461722457696081
Canada,Americas,2002,79.77,31902268,33328.96507,1063.2695758257787,4.522821828170987
Canada,Americas,2007,80.653,33390141,36319.23501,1212.7043779960363,4.560136692425188
Central African Republic,Africa,1952,35.463,1291695,1071.310713,1.383806691428535,3.029915447835549
Central African Republic,Africa,1957,37.464,1392284,1190.844328,1.657993504365152,3.075854992457289
Central African Republic,Africa,1962,39.475,1523478,1193.068753,1.817613997682934,3.0766654714894144
Central African Republic,Africa,1967,41.478,1733638,1136.056615,1.96951091791537,3.0553999748340015
Central African Republic,Africa,1972,43.457,1927260,1070.013275,2.0621937843765,3.0293891657445404
Central African Republic,Africa,1977,46.775,2167533,1109.374338,2.404605486968154,3.0450781155775246
Central African Republic,Africa,1982,48.295,2476971,956.7529907,2.3698494121271696,2.980799828453346
Central African Republic,Africa,1987,50.485,2840009,844.8763504,2.399456439023153,2.9267931536025182
Central African Republic,Africa,1992,49.396,3265124,747.9055252,2.442004280063125,2.8738467416136055
Central African Republic,Africa,1997,46.066,3696513,740.5063317,2.737291281711362,2.869528776308429
Central African Republic,Africa,2002,43.308,4048013,738.6906068,2.9902291793042886,2.868462576561444
Central African Republic,Africa,2007,44.741,4369038,706.016537,3.084613078781406,2.8488148736349985
Chad,Africa,1952,38.092,2682462,1178.665927,3.161726559872274,3.0713907290818487
Chad,Africa,1957,39.881,2894855,1308.495577,3.787904963556335,3.116772258968456
Chad,Africa,1962,41.716,3150417,1389.817618,4.378505050646707,3.1429578127051285
Chad,Africa,1967,43.601,3495967,1196.810565,4.184010240491355,3.0780254143279975
Chad,Africa,1972,45.569,3899068,1104.103987,4.3049765243841165,3.0430099781518227
Chad,Africa,1977,47.383,4388260,1133.98495,4.9762207966870005,3.0546072907338493
Chad,Africa,1982,49.517,4875118,797.9081006,3.8898961435808705,2.9019528741820224
Chad,Africa,1987,51.051,5498955,952.386129,5.237128465995195,2.9788130615095882
Chad,Africa,1992,51.724,6429417,1058.0643,6.8027365975131,3.024512061164805
Chad,Africa,1997,51.573,7562011,1004.961353,7.599528805960883,3.002149360759925
Chad,Africa,2002,50.525,8835739,1156.18186,10.21572115149454,3.063026151197457
Chad,Africa,2007,50.651,10238807,1704.063724,17.44757958573727,3.23148583131337
Chile,Americas,1952,54.745,6377619,3939.978789,25.127683584323393,3.5954938837938353
Chile,Americas,1957,56.074,7048426,4315.622723,30.418347406984,3.635043471117223
Chile,Americas,1962,57.924,7961258,4519.094331,35.9776758954284,3.6550514068335684
Chile,Americas,1967,60.523,8858908,5106.654313,45.23938074667021,3.7081364599628714
Chile,Americas,1972,63.441,9717524,5494.024437,53.38831432313399,3.7398905867974395
Chile,Americas,1977,67.052,10599793,4756.763836,50.420712011485946,3.6773115900854365
Chile,Americas,1982,70.565,11487112,5095.665738,58.53448304696865,3.707200931708902
Chile,Americas,1987,72.492,12463354,5547.063754,69.13501922667092,3.744063157378977
Chile,Americas,1992,74.126,13572994,7596.125964,103.10217213261622,3.8805921578839024
Chile,Americas,1997,75.816,14599929,10118.05318,147.72285804622425,4.005096957709418
Chile,Americas,2002,77.86,15497046,10778.78385,167.0393091475071,4.0325697629816
Chile,Americas,2007,78.553,16284741,13171.63885,214.49672721778785,4.119639814387093
China,Asia,1952,44.0,556263527,400.448611,222.75495673711103,2.6025467916035643
China,Asia,1957,50.54896,637408000,575.9870009,367.1387222696672,2.7604126822060184
China,Asia,1962,44.50136,665770000,487.6740183,324.678731163591,2.688129618397564
China,Asia,1967,58.38112,754550000,612.7056934,462.31708095497,2.7872519159133398
China,Asia,1972,63.11888,862030000,676.9000921,583.508186392963,2.8305245731879944
China,Asia,1977,63.96736,943455000,741.2374699,699.3241971645044,2.8699573649904884
China,Asia,1982,65.525,1000281000,962.4213805,962.6918209079205,2.9833652624303233
China,Asia,1987,67.274,1084035000,1378.904018,1494.7802171526298,3.139534037094122
China,Asia,1992,68.69,1164970000,1655.784158,1928.93887054526,3.219003723089541
China,Asia,1997,70.426,1230075000,2289.234136,2815.9296798402,3.359690213282962
China,Asia,2002,72.028,1280400000,3119.280896,3993.9272592384004,3.49405448539833
China,Asia,2007,72.961,1318683096,4959.114854,6539.500929092309,3.695404166746605
Colombia,Americas,1952,50.643,12350771,2144.115096,26.481474548339015,3.3312480945543395
Colombia,Americas,1957,55.118,14485993,2323.805581,33.66263137972693,3.366199790400363
Colombia,Americas,1962,57.863,17009885,2492.351109,42.39460574371247,3.3966092233643916
Colombia,Americas,1967,59.963,19764027,2678.729839,52.942488863701655,3.4279289154193675
Colombia,Americas,1972,61.623,22542890,3264.660041,73.5948721916585,3.513837963557577
Colombia,Americas,1977,63.837,25094412,3815.80787,95.75545480262244,3.581586499391742
Colombia,Americas,1982,66.653,27764644,4397.575659,122.09712263520039,3.6432133201030172
Colombia,Americas,1987,67.768,30964245,4903.2191,151.82447750107949,3.6904813000981016
Colombia,Americas,1992,68.421,34202721,5444.648617,186.22179759028685,3.735969856796634
Colombia,Americas,1997,70.313,37657830,6117.361746,230.36656867937114,3.7865641629641145
Colombia,Americas,2002,71.682,41008227,5755.259962,236.01300696570738,3.7600649452572528
Colombia,Americas,2007,72.889,44227550,7006.580419,309.88388581034343,3.8455061110473117
Comoros,Africa,1952,40.715,153936,1102.990936,0.169790012724096,3.042571943572232
Comoros,Africa,1957,42.46,170928,1211.148548,0.20701919901254398,3.08319741285422
Comoros,Africa,1962,44.467,191689,1406.648278,0.269639001761542,3.148185518885142
Comoros,Africa,1967,46.472,217378,1876.029643,0.40780757173605403,3.2732396963509443
Comoros,Africa,1972,48.944,250027,1937.577675,0.484446733347225,3.287259121835225
Comoros,Africa,1977,50.939,304739,1172.603047,0.35733787993973304,3.069151018361116
Comoros,Africa,1982,52.933,348643,1267.100083,0.441765574237369,3.102810919364899
Comoros,Africa,1987,54.926,395114,1315.980812,0.5199624425525681,3.1192495569806185
Comoros,Africa,1992,57.939,454429,1246.90737,0.56663086924173,3.0958341918970893
Comoros,Africa,1997,60.66,527982,1173.618235,0.6196493029517699,3.069526848703626
Comoros,Africa,2002,62.974,614382,1075.811558,0.660959256627156,3.0317362058211357
Comoros,Africa,2007,65.152,710960,986.1478792,0.7011116961960321,2.993942045067959
"Congo, Dem. Rep.",Africa,1952,39.143,14100005,780.5423257,11.005650695081629,2.8923964580961394
"Congo, Dem. Rep.",Africa,1957,40.652,15577932,905.8602303,14.11142906911774,2.957061193380839
"Congo, Dem. Rep.",Africa,1962,42.122,17486434,896.3146335,15.67334668193194,2.952460486902138
"Congo, Dem. Rep.",Africa,1967,44.056,19941073,861.5932424,17.181093743005096,2.9353022840690572
"Congo, Dem. Rep.",Africa,1972,45.989,23007669,904.8960685,20.819549223449325,2.9565987013389754
"Congo, Dem. Rep.",Africa,1977,47.804,26480870,795.757282,21.072345136195338,2.9007806215537344
"Congo, Dem. Rep.",Africa,1982,47.784,30646495,673.7478181,20.64800913866256,2.828497371755219
"Congo, Dem. Rep.",Africa,1987,47.412,35481645,672.774812,23.87115704432574,2.8278697235535595
"Congo, Dem. Rep.",Africa,1992,45.548,41672143,457.7191807,19.074139151973238,2.6605991118977625
"Congo, Dem. Rep.",Africa,1997,42.587,47798986,312.188423,14.92229006033908,2.4944167939203763
"Congo, Dem. Rep.",Africa,2002,44.966,55379852,241.1658765,13.355730548020277,2.3823158577958554
"Congo, Dem. Rep.",Africa,2007,46.462,64606759,277.5518587,17.931726045032956,2.443344140046372
"Congo, Rep.",Africa,1952,42.111,854885,2125.621418,1.8171618659269302,3.327485917424215
"Congo, Rep.",Africa,1957,45.053,940458,2315.056572,2.1772134735899757,3.3645616081432754
"Congo, Rep.",Africa,1962,48.435,1047924,2464.783157,2.582905425016068,3.391778717584545
"Congo, Rep.",Africa,1967,52.04,1179760,2677.939642,3.15932607204592,3.427800784236205
"Congo, Rep.",Africa,1972,54.907,1340458,3213.152683,4.307096219148814,3.506931362902563
"Congo, Rep.",Africa,1977,55.625,1536769,3259.178978,5.008605218842082,3.5131082104263265
"Congo, Rep.",Africa,1982,56.695,1774735,4879.507522,8.65983278205667,3.68837599182428
"Congo, Rep.",Africa,1987,57.47,2064095,4201.194937,8.671665463487015,3.6233728334302224
"Congo, Rep.",Africa,1992,56.433,2409073,4016.239529,9.675414210846617,3.603819606283584
"Congo, Rep.",Africa,1997,52.962,2800947,3484.164376,9.758959756464073,3.542098635975628
"Congo, Rep.",Africa,2002,52.97,3328795,3484.06197,11.597728065426152,3.5420858710743435
"Congo, Rep.",Africa,2007,55.322,3800610,3632.557798,13.805935492656781,3.5602125331291146
Costa Rica,Americas,1952,57.206,926317,2627.009471,2.4334435321483068,3.4194616385247927
Costa Rica,Americas,1957,60.026,1112300,2990.010802,3.3257890150646,3.475672757301192
Costa Rica,Americas,1962,62.842,1345187,3460.937025,4.655607493848675,3.539193696969995
Costa Rica,Americas,1967,65.424,1588717,4161.727834,6.611807759248979,3.6192736750930834
Costa Rica,Americas,1972,67.849,1834796,5118.146939,9.390755531089445,3.7091127500702807
Costa Rica,Americas,1977,70.75,2108457,5926.876967,12.496565229209919,3.77282591203612
Costa Rica,Americas,1982,73.45,2424367,5262.734751,12.758800460077618,3.7212114815354225
Costa Rica,Americas,1987,74.752,2799811,5629.915318,15.7626988364049,3.7505018624886635
Costa Rica,Americas,1992,75.713,3173216,6160.416317,19.548331623765474,3.789610062499875
Costa Rica,Americas,1997,77.26,3518107,6677.045314,23.4905598585006,3.824584323598074
Costa Rica,Americas,2002,78.123,3834934,7723.447195,29.618910245310126,3.887811181633416
Costa Rica,Americas,2007,78.782,4133884,9645.06142,39.87156508315528,3.9843049975871763
Cote d'Ivoire,Africa,1952,40.477,2977019,1388.594732,4.133872900463908,3.1425755133131092
Cote d'Ivoire,Africa,1957,42.469,3300000,1500.895925,4.9529565525,3.176350578475604
Cote d'Ivoire,Africa,1962,44.93,3832408,1728.869428,6.625733026822624,3.2377621946386363
Cote d'Ivoire,Africa,1967,47.35,4744870,2052.050473,9.736712727823509,3.312188038640463
Cote d'Ivoire,Africa,1972,49.801,6071696,2378.201111,14.439714172854256,3.3762485776604954
Cote d'Ivoire,Africa,1977,52.374,7459574,2517.736547,18.78124208485098,3.4010102840839487
Cote d'Ivoire,Africa,1982,53.983,9025951,2602.710169,23.491934452595718,3.4154258089036604
Cote d'Ivoire,Africa,1987,54.655,10761098,2156.956069,23.21121564020376,3.333841299861388
Cote d'Ivoire,Africa,1992,52.044,12772596,1648.073791,21.050180710631434,3.21697665293553
Cote d'Ivoire,Africa,1997,47.991,14625967,1786.265407,26.125858896023573,3.251945987717138
Cote d'Ivoire,Africa,2002,46.832,16252726,1648.800823,26.7975080047935,3.2171681955495828
Cote d'Ivoire,Africa,2007,48.328,18013409,1544.750112,27.826215570251808,3.1888582353745463
Croatia,Europe,1952,61.21,3882229,3119.23652,12.10959047580308,3.4940483069265413
Croatia,Europe,1957,64.77,3991242,4338.231617,17.314932235498315,3.6373127351608234
Croatia,Europe,1962,67.13,4076557,5477.890018,22.330930898108026,3.7386133084847186
Croatia,Europe,1967,68.5,4174366,6960.297861,29.05483074083113,3.842627825331929
Croatia,Europe,1972,69.61,4225310,9164.090127,38.72112165451436,3.962089351738038
Croatia,Europe,1977,70.64,4318673,11305.38517,48.824261688279414,4.053285363174614
Croatia,Europe,1982,70.46,4413368,13221.82184,58.35276541035712,4.121291300879235
Croatia,Europe,1987,71.52,4484310,13822.58394,61.9847513879814,4.140589235946142
Croatia,Europe,1992,72.527,4494013,8447.794873,37.96449998059535,3.92674335990023
Croatia,Europe,1997,73.68,4444595,9875.604515,43.89306244934643,3.9945636895636336
Croatia,Europe,2002,74.876,4481020,11628.38895,52.107043452729,4.065519549759354
Croatia,Europe,2007,75.748,4493312,14619.22272,65.68872887844864,4.164924282513175
Cuba,Americas,1952,59.421,6007797,5586.53878,33.56279092286766,3.7471428178485775
Cuba,Americas,1957,62.325,6640752,6092.174359,40.45661905887797,3.784772324419086
Cuba,Americas,1962,65.246,7254373,5180.75591,37.58313579309443,3.7143931310948237
Cuba,Americas,1967,68.29,8139332,5690.268015,46.31498054306598,3.7551327224046194
Cuba,Americas,1972,70.723,8831348,5305.445256,46.85423335068509,3.724721837645331
Cuba,Americas,1977,72.649,9537988,6380.494966,60.85708441976841,3.8048543703613706
Cuba,Americas,1982,73.717,9789224,7316.918107,71.62695033907897,3.864328194314924
Cuba,Americas,1987,74.174,10239839,7532.924763,77.13593677223315,3.876963629827765
Cuba,Americas,1992,74.414,10723260,5592.843963,59.97351995467938,3.747632702941089
Cuba,Americas,1997,76.151,10983007,5431.990415,59.659588751877905,3.7349589949402873
Cuba,Americas,2002,77.158,11226999,6340.646683,71.18643396939432,3.8021335538653216
Cuba,Americas,2007,78.273,11416987,8948.102923,102.160374746553,3.9517309708016475
Czech Republic,Europe,1952,66.87,9125183,6876.14025,62.746038114915756,3.8373447262436224
Czech Republic,Europe,1957,69.03,9513758,8256.343918,78.54885800062385,3.9167877751962603
Czech Republic,Europe,1962,69.9,9620282,10136.86713,97.51952038713065,4.005903753973498
Czech Republic,Europe,1967,70.38,9835109,11399.44489,112.11478303264302,4.056883703347031
Czech Republic,Europe,1972,70.29,9862158,13108.4536,129.2776405388688,4.1175514611333295
Czech Republic,Europe,1977,70.71,10161915,14800.16062,150.3979742067873,4.170266428638279
Czech Republic,Europe,1982,70.96,10303704,15377.22855,158.4424113195492,4.186878069282022
Czech Republic,Europe,1987,71.58,10311597,16310.4434,168.1867192321098,4.21246576751212
Czech Republic,Europe,1992,72.4,10315702,14297.02122,147.48381039319645,4.1552455617675035
Czech Republic,Europe,1997,74.01,10300707,16048.51424,165.3110429715677,4.205434831928602
Czech Republic,Europe,2002,75.51,10256295,17596.21022,180.4719228983349,4.24541914180452
Czech Republic,Europe,2007,76.486,10228744,22833.30851,233.55606742181143,4.358568844627834
Denmark,Europe,1952,70.78,4334000,9692.385245,42.00679765182999,3.9864306677903336
Denmark,Europe,1957,71.81,4487831,11099.65935,49.81339532036985,4.04530965043662
Denmark,Europe,1962,72.35,4646899,13583.31351,63.12028596630549,4.1330057245523655
Denmark,Europe,1967,72.96,4838800,15937.21123,77.116977699724,4.202412328767601
Denmark,Europe,1972,73.47,4991596,18866.20721,94.17248444460716,4.275684600041504
Denmark,Europe,1977,74.69,5088419,20422.9015,103.9202800277285,4.310117442742216
Denmark,Europe,1982,74.63,5117810,21688.04048,110.99527044894879,4.336220315169267
Denmark,Europe,1987,74.8,5127024,25116.17581,128.77123616608944,4.399953514402462
Denmark,Europe,1992,75.33,5171393,26406.73985,136.55962961311104,4.421714786948982
Denmark,Europe,1997,76.11,5283663,29804.34567,157.47611845578922,4.474279591690485
Denmark,Europe,2002,77.18,5374693,32166.50006,172.88506270698156,4.507403809197911
Denmark,Europe,2007,78.332,5468120,35278.41874,192.90662708056882,4.547509110816849
Djibouti,Africa,1952,34.812,63149,2669.529475,0.16857811681677498,3.426434720383733
Djibouti,Africa,1957,37.328,71851,2864.969076,0.205850893079676,3.457119938626257
Djibouti,Africa,1962,39.693,89898,3020.989263,0.271580892765174,3.4801491817353334
Djibouti,Africa,1967,42.074,127617,3020.050513,0.38540978631752104,3.4800142069749325
Djibouti,Africa,1972,44.366,178848,3694.212352,0.660702490730496,3.567521856088295
Djibouti,Africa,1977,46.519,228694,3081.761022,0.7047802551652681,3.4887989579220777
Djibouti,Africa,1982,48.812,305991,2879.468067,0.8810913132893968,3.459312266612204
Djibouti,Africa,1987,50.04,311025,2880.102568,0.8957839012122,3.4594079543992424
Djibouti,Africa,1992,51.604,384156,2377.156192,0.913198814093952,3.376057718158622
Djibouti,Africa,1997,53.157,417908,1895.016984,0.791942757749472,3.277613106665266
Djibouti,Africa,2002,53.373,447416,1908.260867,0.853786444069672,3.2806377442435712
Djibouti,Africa,2007,54.791,496374,2082.481567,1.0336897053380578,3.3185811659560813
Dominican Republic,Americas,1952,45.928,2491346,1397.717137,3.4821969983964025,3.145419289957832
Dominican Republic,Americas,1957,49.828,2923186,1544.402995,4.514577213342069,3.1887606351630398
Dominican Republic,Americas,1962,53.459,3453434,1662.137359,5.740081668240807,3.2206669110189456
Dominican Republic,Americas,1967,56.751,4049146,1653.723003,6.696165882705438,3.21846276740337
Dominican Republic,Americas,1972,59.631,4671329,2189.874499,10.229624253539171,3.34041922627685
Dominican Republic,Americas,1977,61.788,5302800,2681.9889,14.222050738919998,3.4284569760962196
Dominican Republic,Americas,1982,63.727,5968349,2861.092386,17.075997880890714,3.4565318816019097
Dominican Republic,Americas,1987,66.046,6655297,2899.842175,19.299310927750977,3.462374361901784
Dominican Republic,Americas,1992,68.457,7351181,3044.214214,22.378569689886735,3.4834752094273305
Dominican Republic,Americas,1997,69.957,7992357,3614.101285,28.885187703878746,3.5580003194756658
Dominican Republic,Americas,2002,70.847,8650322,4563.808154,39.478410078325595,3.6593273799595125
Dominican Republic,Americas,2007,72.235,9319622,6025.374752,56.15421509698374,3.7799840633073747
Ecuador,Americas,1952,48.357,3548753,3522.110717,12.499100973285902,3.5468030038250093
Ecuador,Americas,1957,51.356,4058385,3780.546651,15.342913820218635,3.5775546015165745
Ecuador,Americas,1962,54.64,4681707,4086.114078,19.129988881771144,3.611310487297484
Ecuador,Americas,1967,56.678,5432424,4579.074215,24.875472663347157,3.6607776823798006
Ecuador,Americas,1972,58.796,6298651,5280.99471,33.26314261113621,3.7227157324536604
Ecuador,Americas,1977,61.31,7278866,6679.62326,48.62008264002316,3.8247519683562174
Ecuador,Americas,1982,64.342,8365850,7213.791267,60.349495671031946,3.8581635717359357
Ecuador,Americas,1987,67.231,9545158,6481.776993,61.8695855189499,3.811694084953582
Ecuador,Americas,1992,69.613,10748394,7103.702595,76.35339434988244,3.85148477089356
Ecuador,Americas,1997,72.312,11911819,7429.455877,88.49833367531028,3.870957007802344
Ecuador,Americas,2002,74.173,12921234,5773.044512,74.59485903196781,3.7614049060594232
Ecuador,Americas,2007,74.994,13755680,6873.262326,94.54639711251167,3.8371629195761865
Egypt,Africa,1952,41.893,22223309,1418.822445,31.530929611370507,3.151928050156928
Egypt,Africa,1957,44.444,25009741,1458.915272,36.48709309366455,3.1640300705285775
Egypt,Africa,1962,46.992,28173309,1693.335853,47.70687422734758,3.2287431037905456
Egypt,Africa,1967,49.293,31681188,1814.880728,57.49757754134487,3.25884808894596
Egypt,Africa,1972,51.137,34807417,2024.008147,70.4504955840263,3.3062122562853618
Egypt,Africa,1977,53.319,38783863,2785.493582,108.03220147166726,3.4449021621473928
Egypt,Africa,1982,56.006,45681811,3503.729636,160.0567150268508,3.5445305866160686
Egypt,Africa,1987,59.797,52799062,3885.46071,205.148680925854,3.589442521707857
Egypt,Africa,1992,63.674,59402198,3794.755195,225.41679945491862,3.5791837641867263
Egypt,Africa,1997,67.217,66134291,4173.181797,275.99041935870093,3.6204673043652367
Egypt,Africa,2002,69.806,73312559,4754.604414,348.57221662303544,3.677114389209566
Egypt,Africa,2007,71.338,80264543,5581.180998,447.9709422047539,3.7467261069384517
El Salvador,Americas,1952,45.262,2042865,3048.3029,6.2272713038085,3.484058119249785
El Salvador,Americas,1957,48.57,2355805,3421.523218,8.060441504580488,3.5342194914067324
El Salvador,Americas,1962,52.307,2747687,3776.803627,10.377474227460748,3.5771244044919683
El Salvador,Americas,1967,55.855,3232927,4358.595393,14.09102072810531,3.6393465554725735
El Salvador,Americas,1972,58.207,3790903,4520.246008,17.135814152465226,3.655162071317919
El Salvador,Americas,1977,56.696,4282586,5138.922374,22.007877013979165,3.710872057498741
El Salvador,Americas,1982,56.604,4474873,4098.344175,18.339569693414777,3.6126084272293593
El Salvador,Americas,1987,63.154,4842194,4140.442097,20.048823879440818,3.6170467155259125
El Salvador,Americas,1992,66.798,5274649,4444.2317,23.4417622921733,3.64779669279996
El Salvador,Americas,1997,69.535,5783439,5154.825496,29.812618811760746,3.712213967891692
El Salvador,Americas,2002,70.734,6353681,5351.568666,34.00216015335955,3.728481102232665
El Salvador,Americas,2007,71.878,6939688,5728.353514,39.752986140863634,3.7580298117512663
Equatorial Guinea,Africa,1952,34.482,216964,375.6431231,0.0815010345602684,2.574775442617916
Equatorial Guinea,Africa,1957,35.983,232922,426.0964081,0.0992472275674682,2.629507873207906
Equatorial Guinea,Africa,1962,37.485,249220,582.8419714,0.145255876112308,2.7655508184773105
Equatorial Guinea,Africa,1967,38.987,259864,915.5960025,0.23793043959366003,2.961703887873212
Equatorial Guinea,Africa,1972,40.516,277603,672.4122571,0.1866636598077313,2.827635621397976
Equatorial Guinea,Africa,1977,42.024,192675,958.5668124,0.18469186057916998,2.9816223887272773
Equatorial Guinea,Africa,1982,43.662,285483,927.8253427,0.2648783623100241,2.9674662307010133
Equatorial Guinea,Africa,1987,45.664,341244,966.8968149,0.3299477367037356,2.9853801296045974
Equatorial Guinea,Africa,1992,47.545,387838,1132.055034,0.439053960276492,3.0538675402635107
Equatorial Guinea,Africa,1997,48.245,439971,2814.480755,1.238289912258105,3.4493982833654235
Equatorial Guinea,Africa,2002,49.348,495627,7703.4959,3.8180605624293,3.8866878557609157
Equatorial Guinea,Africa,2007,51.579,551201,12154.08975,6.699346424289749,4.0847224390037145
Eritrea,Africa,1952,35.928,1438760,328.9405571,0.47326651593319596,2.517117423615933
Eritrea,Africa,1957,38.047,1542611,344.1618859,0.5309079109700849,2.5367627728484763
Eritrea,Africa,1962,40.158,1666618,380.9958433,0.6349745303689595,2.5809202375083737
Eritrea,Africa,1967,42.189,1820319,468.7949699,0.8533563908133981,2.6709829431201166
Eritrea,Africa,1972,44.142,2260187,514.3242082,1.1624688891589334,2.7112369661648557
Eritrea,Africa,1977,44.535,2512642,505.7538077,1.2707782588869434,2.703939161154901
Eritrea,Africa,1982,43.89,2637297,524.8758493,1.384253502731342,2.720056590377132
Eritrea,Africa,1987,46.453,2915959,521.1341333,1.5196057662033349,2.7169495195654556
Eritrea,Africa,1992,49.991,3668440,582.8585102,2.1381814731580877,2.765563141899478
Eritrea,Africa,1997,53.378,4058319,913.47079,3.70715586300201,2.9606946645023062
Eritrea,Africa,2002,55.24,4414865,765.3500015,3.378916934372297,2.8838600873869096
Eritrea,Africa,2007,58.04,4906585,641.3695236,3.1469340839529063,2.8071083194109296
Ethiopia,Africa,1952,34.078,20860941,362.1462796,7.554712172105104,2.558884027966971
Ethiopia,Africa,1957,36.667,22815614,378.9041632,8.644931130564204,2.5785293771009474
Ethiopia,Africa,1962,40.059,25145372,419.4564161,10.54738762062129,2.622686841849792
Ethiopia,Africa,1967,42.115,27860297,516.1186438,14.379218703505208,2.71274954741178
Ethiopia,Africa,1972,43.515,30770372,566.2439442,17.423536805781243,2.753003570403516
Ethiopia,Africa,1977,44.51,34617799,556.8083834,19.275480698056136,2.7457057654619716
Ethiopia,Africa,1982,44.916,38111756,577.8607471,22.02328779545291,2.761823194731394
Ethiopia,Africa,1987,46.684,42999530,573.7413142,24.670606852182328,2.7587161238637243
Ethiopia,Africa,1992,48.091,52088559,421.3534653,21.947694837133504,2.624646570001604
Ethiopia,Africa,1997,49.402,59861301,515.8894013,30.881810733929093,2.712556605593394
Ethiopia,Africa,2002,50.725,67946797,530.0535319,36.01543973114233,2.724319732685239
Ethiopia,Africa,2007,52.947,76511887,690.8055759,52.85483816223072,2.8393558343569567
Finland,Europe,1952,66.55,4090500,6424.519071,26.2794952599255,3.807840622644837
Finland,Europe,1957,67.49,4324000,7545.415386,32.626376129064,3.8776831533073586
Finland,Europe,1962,68.75,4491443,9371.842561,42.093096667705524,3.9718249842075486
Finland,Europe,1967,69.83,4605744,10921.63626,50.302260674677434,4.038287708465283
Finland,Europe,1972,70.87,4639657,14358.8759,66.6202590815663,4.15712044202774
Finland,Europe,1977,72.52,4738902,15605.42283,73.95256945993266,4.193275540399492
Finland,Europe,1982,74.55,4826933,18533.15761,89.45831006191013,4.267949419090679
Finland,Europe,1987,74.83,4931729,21141.01223,104.26174310404566,4.325125777454809
Finland,Europe,1992,75.7,5041039,20647.16499,104.08316395402461,4.314860428209187
Finland,Europe,1997,77.13,5134406,23723.9502,121.80839225058119,4.375187003715373
Finland,Europe,2002,78.37,5193039,28204.59057,146.46753880904222,4.450319799701181
Finland,Europe,2007,79.313,5238460,33207.0844,173.953983346024,4.521230745981475
France,Europe,1952,67.41,42459667,7029.809327,298.48336309791415,3.846943545595249
France,Europe,1957,68.93,44310863,8662.834898,383.8576903568969,3.9376600374082598
France,Europe,1962,70.51,47124000,10560.48553,497.65232011572,4.023683885825861
France,Europe,1967,71.55,49569000,12999.91766,644.3929184885399,4.113940601543692
France,Europe,1972,72.38,51732000,16107.19171,833.25724154172,4.207019827746018
France,Europe,1977,73.83,53165019,18292.63514,972.5282947781676,4.26227627214274
France,Europe,1982,74.89,54433565,20293.89746,1104.6691864922448,4.307365461662427
France,Europe,1987,76.34,55630100,22066.44214,1227.558382892414,4.343732315784004
France,Europe,1992,77.46,57374179,24703.79615,1417.360022289611,4.3927636949730235
France,Europe,1997,78.64,58623428,25889.78487,1517.7479392619343,4.413128441699451
France,Europe,2002,79.59,59925035,28926.03234,1733.393500385632,4.461288867418601
France,Europe,2007,80.657,61083916,30470.0167,1861.2279406213972,4.483872692250762
Gabon,Africa,1952,37.003,420702,4293.476475,1.8062741399854503,3.6328090876363524
Gabon,Africa,1957,38.999,434904,4976.198099,2.164168458047496,3.6968976609894515
Gabon,Africa,1962,40.489,455661,6631.459222,3.0216973405557424,3.821609103417209
Gabon,Africa,1967,44.598,489004,8358.761987,4.087468046690948,3.9221419590145032
Gabon,Africa,1972,48.69,537977,11401.94841,6.13398599976657,4.056979071635399
Gabon,Africa,1977,52.79,706367,21745.57328,15.360355361073761,4.337370861486695
Gabon,Africa,1982,56.564,753874,15113.36194,11.393570619155561,4.1793610831069445
Gabon,Africa,1987,60.19,880397,11864.40844,10.44538959735068,4.074246089148519
Gabon,Africa,1992,61.366,985739,13522.15752,13.329318031607281,4.131045990738417
Gabon,Africa,1997,60.461,1126189,14722.84188,16.58070257399532,4.167991647887177
Gabon,Africa,2002,56.761,1299304,12521.71392,16.26951298311168,4.097663777361201
Gabon,Africa,2007,56.735,1454867,13206.48452,19.21367851415884,4.120787226641542
Gambia,Africa,1952,30.0,284320,485.2306591,0.137960780995312,2.6859482337800413
Gambia,Africa,1957,32.065,323150,520.9267111,0.168337466691965,2.7167766269391604
Gambia,Africa,1962,33.896,374020,599.650276,0.22428119622952,2.777898037908758
Gambia,Africa,1967,35.857,439593,734.7829124,0.3230054248106532,2.866159048101003
Gambia,Africa,1972,38.308,517101,756.0868363,0.39097325913756625,2.878571676930044
Gambia,Africa,1977,41.842,608274,884.7552507,0.5381736153642918,2.94682314869669
Gambia,Africa,1982,45.58,715523,835.8096108,0.5980410001484483,2.922107360697783
Gambia,Africa,1987,49.265,848406,611.6588611,0.5189350477104065,2.7865092717384816
Gambia,Africa,1992,52.644,1025384,665.6244126,0.6825206226894385,2.8232292418629577
Gambia,Africa,1997,55.861,1235767,653.7301704,0.8078581714846969,2.8153985286187813
Gambia,Africa,2002,58.041,1457766,660.5855997,0.9629792273322701,2.8199291021452937
Gambia,Africa,2007,59.448,1688359,752.7497265,1.2709117754838135,2.876650606390626
Germany,Europe,1952,67.5,69145952,7144.114393,493.98659090088717,3.8539483999469684
Germany,Europe,1957,69.1,71019069,10187.82665,723.5299638163889,4.008081546657799
Germany,Europe,1962,70.3,73739117,12902.46291,951.4162221086505,4.110672619301339
Germany,Europe,1967,70.8,76368453,14745.62561,1126.1006163528814,4.168663203012407
Germany,Europe,1972,71.0,78717088,18016.18027,1418.1812477374538,4.255662718745995
Germany,Europe,1977,72.5,78160773,20512.92123,1603.3057798249108,4.31202751232983
Germany,Europe,1982,73.8,78335266,22031.53274,1725.8459775756087,4.343044712192463
Germany,Europe,1987,74.847,77718298,24639.18566,1914.9155736012065,4.3916263500340795
Germany,Europe,1992,76.07,80597764,26505.30317,2136.268169644112,4.423332776089518
Germany,Europe,1997,77.34,82011073,27788.88416,2278.996207434304,4.443871108386441
Germany,Europe,2002,78.67,82350671,30035.80198,2473.4684470761285,4.477639232449136
Germany,Europe,2007,79.406,82400996,32170.37442,2650.8708939009225,4.507456115536525
Ghana,Africa,1952,43.149,5581001,911.2989371,5.085960279254037,2.9596608637313313
Ghana,Africa,1957,44.779,6391288,1043.561537,6.669702328689656,3.0185180637431586
Ghana,Africa,1962,46.452,7355248,1190.041118,8.753047553087265,3.07556196728497
Ghana,Africa,1967,48.072,8490213,1125.69716,9.557408661895078,3.051421570417111
Ghana,Africa,1972,49.875,9354120,1178.223708,11.02124595147696,3.0712277572813074
Ghana,Africa,1977,51.756,10538093,993.2239571,10.46668642974781,2.9970471864270807
Ghana,Africa,1982,53.744,11400338,876.032569,9.987067385608322,2.9425202525996403
Ghana,Africa,1987,55.729,14168101,847.0061135,12.000468163685463,2.927886544982104
Ghana,Africa,1992,57.501,16278738,925.060154,15.058811881205653,2.9661699745777828
Ghana,Africa,1997,58.556,18418288,1005.245812,18.514906876209853,3.002272272444853
Ghana,Africa,2002,58.453,20550751,1111.984578,22.85211817831808,3.046098764102204
Ghana,Africa,2007,60.022,22873338,1327.60891,30.366847330241576,3.1230701584328973
Greece,Europe,1952,65.86,7733250,3530.690067,27.303708960627752,3.547859595756428
Greece,Europe,1957,67.86,8096218,4916.299889,39.803435654719806,3.69163836651823
Greece,Europe,1962,69.51,8448233,6017.190733,50.83462931782479,3.7793937779826914
Greece,Europe,1967,71.0,8716441,8513.097016,74.20390786724005,3.930087582678566
Greece,Europe,1972,72.34,8888628,12724.82957,113.10627641112995,4.104651974324772
Greece,Europe,1977,73.68,9308479,14195.52428,132.1387396543701,4.152151436855274
Greece,Europe,1982,75.24,9786480,15268.42089,149.4240956715672,4.183794123223947
Greece,Europe,1987,76.67,9974490,16120.52839,160.7940492207711,4.207379272773068
Greece,Europe,1992,77.03,10325429,17541.49634,181.12347501242988,4.24406663717638
Greece,Europe,1997,77.869,10502372,18747.69814,196.8953000099881,4.272947952252285
Greece,Europe,2002,78.256,10603863,22514.2548,238.7380734462924,4.35245757681066
Greece,Europe,2007,79.483,10706290,27538.41188,294.8342237267252,4.439938891199053
Guatemala,Americas,1952,42.023,3146381,2428.237769,7.640161179863989,3.3852912098780523
Guatemala,Americas,1957,44.142,3640876,2617.155967,9.528740348507094,3.417829604790855
Guatemala,Americas,1962,46.954,4208858,2750.364446,11.575893401462668,3.4393902452483687
Guatemala,Americas,1967,50.016,4690773,3242.531147,15.209977556006631,3.5108841565079323
Guatemala,Americas,1972,53.738,5149581,4031.408271,20.76006343558445,3.6054567824903887
Guatemala,Americas,1977,56.029,5703430,4879.992748,27.83269703872564,3.6884191766121526
Guatemala,Americas,1982,58.137,6395630,4820.49479,30.8301010937677,3.683091617811075
Guatemala,Americas,1987,60.782,7326406,4246.485974,31.111480318829447,3.628029693963122
Guatemala,Americas,1992,63.373,8486949,4439.45084,37.677392867087164,3.6473292512163944
Guatemala,Americas,1997,66.322,9803875,4684.313807,45.924427024602124,3.67064598120892
Guatemala,Americas,2002,68.978,11178650,4858.347495,54.30976622498175,3.686488574644437
Guatemala,Americas,2007,70.259,12572928,5186.050003,65.20383329211879,3.7148366998460376
Guinea,Africa,1952,33.609,2664249,510.1964923,1.3592904944137827,2.707737468425102
Guinea,Africa,1957,34.558,2876726,576.2670245,1.6577623323217872,2.7606237688310094
Guinea,Africa,1962,35.753,3140003,686.3736739,2.155215395167022,2.8365606176448144
Guinea,Africa,1967,37.197,3451418,708.7595409,2.4462254371339966,2.850498918154696
Guinea,Africa,1972,38.842,3811387,741.6662307,2.8267770300289814,2.870208505310133
Guinea,Africa,1977,40.762,4227026,874.6858643,3.697319890228572,2.9418521079977484
Guinea,Africa,1982,42.891,4710497,857.2503577,4.038075238194777,2.9331076750026175
Guinea,Africa,1987,45.552,5650262,805.5724718,4.551695525657612,2.906104616992403
Guinea,Africa,1992,48.576,6990574,794.3484384,5.552951540419642,2.900011046105262
Guinea,Africa,1997,51.455,8048834,869.4497668,6.998056844311912,2.9392444953303642
Guinea,Africa,2002,53.676,8807818,945.5835837,8.328528109017366,2.9756999238053794
Guinea,Africa,2007,56.007,9947814,942.6542111,9.377348758339535,2.974352411982699
Guinea-Bissau,Africa,1952,32.5,580653,299.850319,0.174108987278307,2.476904515204367
Guinea-Bissau,Africa,1957,33.489,601095,431.7904566,0.259547084509977,2.635273039360508
Guinea-Bissau,Africa,1962,34.488,627820,522.0343725,0.32774361974295,2.7176990993540255
Guinea-Bissau,Africa,1967,35.492,601287,715.5806402,0.43026933640393733,2.854658582359218
Guinea-Bissau,Africa,1972,36.486,625361,820.2245876,0.5129364683261236,2.9139327838480185
Guinea-Bissau,Africa,1977,37.465,745228,764.7259628,0.5698951998055184,2.883505834937679
Guinea-Bissau,Africa,1982,39.327,825987,838.1239671,0.6922795012130277,2.9233082599735454
Guinea-Bissau,Africa,1987,41.245,927524,736.4153921,0.6830429501421604,2.8671228572820513
Guinea-Bissau,Africa,1992,43.266,1050938,745.5398706,0.7835161805286227,2.872470873970842
Guinea-Bissau,Africa,1997,44.873,1193708,796.6644681,0.9509847488867148,2.901275447701251
Guinea-Bissau,Africa,2002,45.504,1332459,575.7047176,0.7671029323085784,2.7601997882865623
Guinea-Bissau,Africa,2007,46.388,1472041,579.231743,0.852652874197463,2.7628523540039867
Haiti,Americas,1952,37.579,3201488,1840.366939,5.891912670805232,3.264904422843773
Haiti,Americas,1957,40.696,3507701,1726.887882,6.0574063505792815,3.237264141962736
Haiti,Americas,1962,43.59,3880130,1796.589032,6.97099900073416,3.2544487440278522
Haiti,Americas,1967,46.243,4318137,1452.057666,6.270183933688242,3.1619838639730946
Haiti,Americas,1972,48.042,4698301,1654.456946,7.773136723848746,3.218655469980059
Haiti,Americas,1977,49.923,4908554,1874.298931,9.200097514955774,3.2728388574858203
Haiti,Americas,1982,51.461,5198399,2011.159549,10.45480978836205,3.303446525346478
Haiti,Americas,1987,53.636,5756203,1823.015995,10.493650139466986,3.2607904791375675
Haiti,Americas,1992,55.089,6326682,1456.309517,9.213607207632593,3.1632536876415047
Haiti,Americas,1997,56.671,6913545,1341.726931,9.276089515180395,3.12766413697526
Haiti,Americas,2002,58.137,7607651,1270.364932,9.664493045294732,3.103928496694248
Haiti,Americas,2007,60.916,8502814,1201.637154,10.217297215951357,3.0797733480287044
Honduras,Americas,1952,41.912,1517453,2194.926204,3.3306973530384116,3.3414199233324244
Honduras,Americas,1957,44.665,1770390,2220.487682,3.93112918733598,3.346448368298136
Honduras,Americas,1962,48.041,2090162,2291.156835,4.788888952557269,3.3600548186716255
Honduras,Americas,1967,50.924,2500689,2538.269358,6.347422262587662,3.4045377069966345
Honduras,Americas,1972,53.884,2965146,2529.842345,7.5013519099073696,3.4030934576066794
Honduras,Americas,1977,57.402,3055235,3203.208066,9.78655339552551,3.5055851493977763
Honduras,Americas,1982,60.909,3669448,3121.760794,11.45513890202171,3.4943996220364943
Honduras,Americas,1987,64.492,4372203,3023.096699,13.217592456657899,3.480452039063508
Honduras,Americas,1992,66.399,5077347,3081.694603,15.64683284745824,3.4887895977816146
Honduras,Americas,1997,67.659,5867957,3160.454906,18.545413488847043,3.4997495981078313
Honduras,Americas,2002,68.565,6677328,3099.72866,20.69790497382048,3.4913236787948225
Honduras,Americas,2007,70.198,7483763,3548.330846,26.554867097053496,3.550024106620056
"Hong Kong, China",Asia,1952,60.96,2125900,3054.421209,6.4933940482131005,3.4849289266728523
"Hong Kong, China",Asia,1957,64.75,2736300,3629.076457,9.930241909289101,3.559796117967275
"Hong Kong, China",Asia,1962,67.65,3305200,4692.648272,15.5101410686144,3.6714180037641557
"Hong Kong, China",Asia,1967,70.0,3722800,6197.962814,23.073775963959203,3.7922489662686965
"Hong Kong, China",Asia,1972,72.0,4115700,8315.928145,34.2258654663765,3.9199107280903096
"Hong Kong, China",Asia,1977,73.6,4583700,11186.14125,51.273915647625,4.048680298964004
"Hong Kong, China",Asia,1982,75.45,5264500,14560.53051,76.65391286989501,4.163177198697369
"Hong Kong, China",Asia,1987,76.2,5584510,20038.47269,111.90505112203189,4.301864617016436
"Hong Kong, China",Asia,1992,77.601,5829696,24757.60301,144.32929923698495,4.393708594713085
"Hong Kong, China",Asia,1997,80.0,6495918,28377.63219,184.33877174040043,4.452976155402024
"Hong Kong, China",Asia,2002,81.495,6762476,30209.01516,204.28774000313615,4.480136567128648
"Hong Kong, China",Asia,2007,82.208,6980412,39724.97867,277.296717807812,4.599063672688636
Hungary,Europe,1952,64.03,9504000,5263.673816,50.02595594726401,3.72128896869472
Hungary,Europe,1957,66.41,9839000,6040.180011,59.429331128229,3.7810498817699782
Hungary,Europe,1962,67.96,10063000,7550.359877,75.97927144225099,3.877967652141834
Hungary,Europe,1967,69.5,10223422,9326.64467,95.35022430546074,3.969725431164286
Hungary,Europe,1972,69.76,10394091,10168.65611,105.693936955046,4.0072635603389894
Hungary,Europe,1977,69.95,10637171,11674.83737,124.18724150188027,4.067250839576178
Hungary,Europe,1982,69.39,10705535,12545.99066,134.3115421203031,4.098504959886157
Hungary,Europe,1987,69.58,10612740,12986.47998,137.8221355429452,4.113491450347393
Hungary,Europe,1992,69.17,10348684,10535.62855,109.0298906053282,4.02266045049501
Hungary,Europe,1997,71.04,10244684,11712.7768,119.99369707853118,4.068659867399965
Hungary,Europe,2002,72.59,10083313,14843.93556,149.67604840331026,4.1715490603360585
Hungary,Europe,2007,73.338,9956108,18008.94444,179.29899581063952,4.255488258221095
Iceland,Europe,1952,72.49,147962,7267.688428,1.0753417151837361,3.8613963004603242
Iceland,Europe,1957,73.47,165110,9244.001412,1.52627707313532,3.965860003144562
Iceland,Europe,1962,73.68,182053,10350.15906,1.8842775073501798,4.014947024029603
Iceland,Europe,1967,73.73,198676,13319.89568,2.64634359411968,4.124500823499615
Iceland,Europe,1972,74.46,209275,15798.06362,3.3061397640755,4.19860385843004
Iceland,Europe,1977,76.11,221823,19654.96247,4.35992273998281,4.293472218897016
Iceland,Europe,1982,76.99,233997,23269.6075,5.4450183461775,4.366789057888287
Iceland,Europe,1987,77.23,244676,26923.20628,6.58746241976528,4.430126778686919
Iceland,Europe,1992,78.77,259012,25144.39201,6.512699263294119,4.400441138867491
Iceland,Europe,1997,78.95,271192,28061.09966,7.609945738994719,4.448104686183154
Iceland,Europe,2002,80.5,288030,31163.20196,8.975937060538799,4.49364207422891
Iceland,Europe,2007,81.757,301931,36180.78919,10.924101860925893,4.558478035633915
India,Asia,1952,37.373,372000000,546.5657493,203.3224587396,2.737642413020617
India,Asia,1957,40.249,409000000,590.061996,241.335356364,2.770897644025555
India,Asia,1962,43.605,454000000,658.3471509,298.88960650859997,2.8184549604275992
India,Asia,1967,47.193,506000000,700.7706107,354.58992901420004,2.8455758798631394
India,Asia,1972,50.651,567000000,724.032527,410.526442809,2.8597580772182765
India,Asia,1977,54.208,634000000,813.337323,515.655862782,2.9102707019706675
India,Asia,1982,56.596,708000000,855.7235377,605.8522646916,2.9323334779430588
India,Asia,1987,58.553,788000000,976.5126756,769.4919883727999,2.9896778850098498
India,Asia,1992,60.223,872000000,1164.406809,1015.362737448,3.06610473636011
India,Asia,1997,61.765,959000000,1458.817442,1399.005926878,3.1640009472103405
India,Asia,2002,62.879,1034172547,1746.769454,1806.4610152649793,3.2422355887477936
India,Asia,2007,64.698,1110396331,2452.210407,2722.925438772817,3.3895577312128795
Indonesia,Asia,1952,37.468,82052000,749.6816546,61.512879123239195,2.874876883390502
Indonesia,Asia,1957,39.918,90124000,858.9002707,77.4075279965668,2.9339427396180775
Indonesia,Asia,1962,42.518,99028000,849.2897701,84.1034673534628,2.9290558929345507
Indonesia,Asia,1967,45.964,109343000,762.4317721,83.3665772567303,2.882200985951623
Indonesia,Asia,1972,49.203,121282000,1111.107907,134.757389176774,3.045756238183872
Indonesia,Asia,1977,52.702,136725000,1382.702056,189.0499386066,3.140728608616072
Indonesia,Asia,1982,56.159,153343000,1516.872988,232.601854598884,3.18094921762256
Indonesia,Asia,1987,60.137,169276000,1748.356961,295.95487293023604,3.2426301069972827
Indonesia,Asia,1992,62.681,184816000,2383.140898,440.442568204768,3.377149719818121
Indonesia,Asia,1997,66.041,199278000,3119.335603,621.614960294634,3.494062102134581
Indonesia,Asia,2002,68.588,211060000,2873.91287,606.5680503422001,3.4584735972526914
Indonesia,Asia,2007,70.65,223547000,3540.651564,791.5020351775079,3.5490831898821575
Iran,Asia,1952,44.869,17272000,3035.326002,52.426150706544,3.4822053422865116
Iran,Asia,1957,47.181,19792000,3290.257643,65.120779270256,3.517229906628457
Iran,Asia,1962,49.325,22874000,4187.329802,95.780981890948,3.621937168091611
Iran,Asia,1967,52.469,26538000,5906.731805,156.75284864109,3.771347252176078
Iran,Asia,1972,55.234,30614000,9613.818607,294.317442834698,3.9828959236255654
Iran,Asia,1977,57.702,35480679,11888.59508,421.8154257944593,4.07513053543838
Iran,Asia,1982,59.62,43072751,7608.334602,327.71190183663015,3.881289603903965
Iran,Asia,1987,63.04,51889696,6642.881371,344.6970949052532,3.82235649685219
Iran,Asia,1992,65.742,60397973,7235.653188,437.0187858861879,3.859477742523397
Iran,Asia,1997,68.042,63327987,8263.590301,523.3165391550541,3.9171687772403097
Iran,Asia,2002,69.451,66907826,9240.761975,618.2792943307163,3.965707783762737
Iran,Asia,2007,70.964,69453570,11605.71449,806.0583037312293,4.064671882363036
Iraq,Asia,1952,45.32,5441766,4129.766056,22.4732205114949,3.6159254503329223
Iraq,Asia,1957,48.437,6248643,6229.333562,38.92488155685636,3.794441586654745
Iraq,Asia,1962,51.457,7240260,8341.737815,60.3963506324319,3.9212565356311093
Iraq,Asia,1967,54.459,8519282,8931.459811,76.08962480157571,3.950922448367575
Iraq,Asia,1972,56.95,10061506,9576.037596,96.34935972837958,3.981185842463443
Iraq,Asia,1977,60.413,11882916,14688.23507,174.5390635250641,4.166969614346474
Iraq,Asia,1982,62.038,14173318,14517.90711,205.76691416449097,4.161904013327543
Iraq,Asia,1987,65.044,16543189,11643.57268,192.6218234804765,4.066086258418833
Iraq,Asia,1992,59.461,17861905,3745.640687,66.90427811532874,3.5735261138994345
Iraq,Asia,1997,58.811,20775703,3076.239795,63.91104433770088,3.4880201860013784
Iraq,Asia,2002,57.046,24001816,4390.717312,105.38518903063859,3.6425354767785927
Iraq,Asia,2007,59.545,27499638,4471.061906,122.95258389059002,3.6504106831196688
Ireland,Europe,1952,66.91,2952156,5210.280328,15.381560331987167,3.716861090214755
Ireland,Europe,1957,68.9,2878220,5599.077872,16.11537791274784,3.7481165077065777
Ireland,Europe,1962,70.29,2830000,6631.597314,18.76742039862,3.821618146972657
Ireland,Europe,1967,71.08,2900100,7655.568963,22.201915549596297,3.883977473062878
Ireland,Europe,1972,71.28,3024400,9530.772896,28.824869546662402,3.9791281210850418
Ireland,Europe,1977,72.03,3271900,11150.98113,36.484895159247,4.047313080890825
Ireland,Europe,1982,73.1,3480000,12618.32141,43.911758506800005,4.101001585426254
Ireland,Europe,1987,74.36,3539900,13872.86652,49.108560194148,4.142166207662506
Ireland,Europe,1992,75.467,3557761,17558.81555,62.47006916998355,4.244495216726779
Ireland,Europe,1997,76.122,3667233,24521.94713,89.9276937393913,4.389554951745265
Ireland,Europe,2002,77.783,3879155,34077.04939,132.19015652646544,4.532461983714468
Ireland,Europe,2007,78.885,4109086,40675.99635,167.14116713783608,4.6093381996914395
Israel,Asia,1952,65.39,1620914,4086.522128,6.623900928584993,3.6113538549108273
Israel,Asia,1957,67.84,1944401,5385.278451,10.47114080540285,3.7312081638283052
Israel,Asia,1962,69.39,2310904,7105.630706,16.420430421018224,3.8516026325771726
Israel,Asia,1967,70.75,2693585,8393.741404,22.60925593969334,3.9239555852536214
Israel,Asia,1972,71.63,3095893,12786.93223,39.58697398233139,4.106766363447313
Israel,Asia,1977,73.06,3495918,13306.61921,46.51884961538478,4.124067729032554
Israel,Asia,1982,74.45,3858421,15367.0292,59.2924681728932,4.186589916507445
Israel,Asia,1987,75.6,4203148,17122.47986,71.96831697859928,4.2335666640513905
Israel,Asia,1992,76.93,4936550,18051.52254,89.11224359483701,4.2565138379776455
Israel,Asia,1997,78.269,5531387,20896.60924,115.58723269421588,4.32007582162183
Israel,Asia,2002,79.696,6029529,21905.59514,132.08042115888907,4.340555056761255
Israel,Asia,2007,80.745,6426679,25523.2771,164.02990894975088,4.406936435530084
Italy,Europe,1952,65.94,47666000,4931.404155,235.06031045223,3.6929705967500874
Italy,Europe,1957,67.81,49182000,6248.656232,307.321410802224,3.795786632740359
Italy,Europe,1962,69.24,50843200,8243.58234,419.130105629088,3.916115980192544
Italy,Europe,1967,71.06,52667100,10022.40131,527.850812033901,4.00097178847123
Italy,Europe,1972,72.19,54365564,12269.27378,667.0259889201119,4.088818857537717
Italy,Europe,1977,73.48,56059245,14255.98475,799.1797418165137,4.153997222116875
Italy,Europe,1982,74.98,56535636,16537.4835,934.9571475120058,4.218469423885654
Italy,Europe,1987,76.42,56729703,19207.23482,1089.6207267898585,4.283464845920746
Italy,Europe,1992,77.44,56840847,22013.64486,1251.2742193995964,4.342691955844216
Italy,Europe,1997,78.82,57479469,24675.02446,1418.3073035228117,4.392257591851816
Italy,Europe,2002,80.24,57926999,27968.09817,1620.1079947254918,4.4466629353612905
Italy,Europe,2007,80.546,58147733,28569.7197,1661.2644330004402,4.455905979502783
Jamaica,Americas,1952,58.53,1426095,2898.530881,4.133580396739695,3.462177931712639
Jamaica,Americas,1957,62.61,1535090,4756.525781,7.3016951611552905,3.6772898550227877
Jamaica,Americas,1962,65.61,1665128,5246.107524,8.735440529223071,3.71983718762706
Jamaica,Americas,1967,67.51,1861096,6124.703451,11.398661093842296,3.7870850656549924
Jamaica,Americas,1972,69.0,1997616,7433.889293,14.850056193925488,3.871216089205603
Jamaica,Americas,1977,70.11,2156814,6650.195573,14.343234914584421,3.8228344174874307
Jamaica,Americas,1982,71.21,2298309,6068.05135,13.946257030167148,3.7830492472839885
Jamaica,Americas,1987,71.77,2326606,6351.237495,14.77682726329197,3.8028583528334723
Jamaica,Americas,1992,71.766,2378618,7404.923685,17.613484765767332,3.8695205870497764
Jamaica,Americas,1997,72.262,2531311,7121.924704,18.027806344406944,3.8525973778175704
Jamaica,Americas,2002,72.047,2664659,6994.774861,18.638689786337398,3.844773740529219
Jamaica,Americas,2007,72.567,2780132,7320.880262,20.353013484554584,3.8645633037284566
Japan,Asia,1952,63.03,86459025,3216.956347,278.13490922918163,3.507445167714016
Japan,Asia,1957,65.5,91563009,4317.694365,395.3410880017443,3.6352518968467953
Japan,Asia,1962,68.73,95831757,6576.649461,630.251873020733,3.8180046943435983
Japan,Asia,1967,71.43,100825279,9847.788607,992.9060338337964,3.9933387174416626
Japan,Asia,1972,73.42,107188273,14778.78636,1584.1125869643563,4.1696387710820595
Japan,Asia,1977,75.38,113872473,16610.37701,1891.4647075910457,4.220379489856841
Japan,Asia,1982,77.11,118454974,19384.10571,2296.143737891302,4.28744576953352
Japan,Asia,1987,78.67,122091325,22375.94189,2731.908393473104,4.349781325508398
Japan,Asia,1992,79.36,124329269,26824.89511,3335.1196000279747,4.428538032474437
Japan,Asia,1997,80.69,125956499,28816.58499,3629.63615847635,4.459642511943747
Japan,Asia,2002,82.0,127065841,28604.5919,3634.6665262352876,4.456435756092515
Japan,Asia,2007,82.603,127467972,31656.06806,4035.134797102174,4.500456970984616
Jordan,Asia,1952,43.158,607914,1546.907807,0.9403869125845981,3.189464431279024
Jordan,Asia,1957,45.669,746559,1886.080591,1.408070439936369,3.2755602459192374
Jordan,Asia,1962,48.126,933559,2348.009158,2.192005081533322,3.3706997864687236
Jordan,Asia,1967,51.629,1255058,2741.796252,3.441113320442616,3.438035178418548
Jordan,Asia,1972,56.528,1613551,2110.856309,3.4059743082432585,3.324458670857466
Jordan,Asia,1977,61.134,1937652,2852.351568,5.526864720438336,3.4552030536596505
Jordan,Asia,1982,63.739,2347031,4161.415959,9.766972259667728,3.6192411283547417
Jordan,Asia,1987,65.869,2820042,4448.679912,12.545464196396303,3.648231158849177
Jordan,Asia,1992,68.015,3867409,3431.593647,13.271376154750623,3.5354958551341364
Jordan,Asia,1997,69.772,4526235,3645.379572,16.49984460707142,3.561742755546329
Jordan,Asia,2002,71.263,5307470,3844.917194,20.40678265963918,3.584886991061737
Jordan,Asia,2007,72.535,6053193,4519.461171,27.357170724069004,3.6550866594992835
Kenya,Africa,1952,42.27,6464046,853.540919,5.517327763298274,2.931224346153655
Kenya,Africa,1957,44.686,7454779,944.4383152,7.040578918948341,2.9751735977866027
Kenya,Africa,1962,47.949,8678557,896.9663732,7.784373796899472,2.9527761618763915
Kenya,Africa,1967,50.654,10191512,1056.736457,10.769742282352983,3.0239666906738907
Kenya,Africa,1972,53.559,12044785,1222.359968,14.72306300716688,3.08719911842289
Kenya,Africa,1977,56.155,14500404,1267.613204,18.380903573734418,3.102986754338453
Kenya,Africa,1982,58.766,17661452,1348.225791,23.811625092908535,3.1297626307554856
Kenya,Africa,1987,59.339,21198082,1361.936856,28.870449152310194,3.134156972682149
Kenya,Africa,1992,59.285,25020539,1341.921721,33.575604755227616,3.127727182651687
Kenya,Africa,1997,54.407,28263827,1360.485021,38.45251326963537,3.133693764540726
Kenya,Africa,2002,50.992,31386842,1287.514732,40.411021465956345,3.1097522070256196
Kenya,Africa,2007,54.11,35610177,1463.249282,52.10656592714292,3.1653183196828425
"Korea, Dem. Rep.",Asia,1952,50.056,8865488,1088.277758,9.648113404215904,3.036739753240404
"Korea, Dem. Rep.",Asia,1957,54.081,9411381,1571.134655,14.786546840508556,3.1962134080936724
"Korea, Dem. Rep.",Asia,1962,56.656,10917494,1621.693598,17.704830126003415,3.2099688022376403
"Korea, Dem. Rep.",Asia,1967,59.942,12617009,2143.540609,27.045071155618484,3.331131715557198
"Korea, Dem. Rep.",Asia,1972,63.983,14781241,3701.621503,54.71455952662522,3.5683920093487456
"Korea, Dem. Rep.",Asia,1977,67.159,16325320,4106.301249,67.03668190632469,3.6134508071824585
"Korea, Dem. Rep.",Asia,1982,69.1,17647518,4106.525293,72.46997902567277,3.6134745020876
"Korea, Dem. Rep.",Asia,1987,70.647,19067554,4106.492315,78.30076396684751,3.613471014413737
"Korea, Dem. Rep.",Asia,1992,69.978,20711375,3726.063507,77.17189856729212,3.571250252735376
"Korea, Dem. Rep.",Asia,1997,67.727,21585105,1690.756814,36.49516335965547,3.2280811463718955
"Korea, Dem. Rep.",Asia,2002,66.662,22215365,1646.758151,36.583333391190116,3.2166298217571287
"Korea, Dem. Rep.",Asia,2007,67.297,23301725,1593.06548,37.12117372195301,3.2022336270366805
"Korea, Rep.",Asia,1952,47.453,20947571,1030.592226,21.588403826183043,3.0130868621518014
"Korea, Rep.",Asia,1957,52.681,22611552,1487.593537,33.63679861673942,3.172484282854901
"Korea, Rep.",Asia,1962,55.292,26420307,1536.344387,40.59069036226681,3.186488578071273
"Korea, Rep.",Asia,1967,57.716,30131000,2029.228142,61.142673146602,3.307330876625142
"Korea, Rep.",Asia,1972,62.612,33505000,3030.87665,101.54952215825,3.4815682618989903
"Korea, Rep.",Asia,1977,64.766,36436000,4657.22102,169.69050508472,3.668126848945977
"Korea, Rep.",Asia,1982,67.123,39326000,5622.942464,221.12783533926398,3.749963639672456
"Korea, Rep.",Asia,1987,69.81,41622000,8533.088805,355.16422224171,3.931106265417096
"Korea, Rep.",Asia,1992,72.244,43805450,12104.27872,530.233376255024,4.082938915441795
"Korea, Rep.",Asia,1997,74.647,46173816,15993.52796,738.4822172158954,4.203944273912549
"Korea, Rep.",Asia,2002,77.045,47969150,19233.98818,922.638064104647,4.284069344820078
"Korea, Rep.",Asia,2007,78.623,49044790,23348.13973,1145.1046099485065,4.368252283738104
Kuwait,Asia,1952,55.565,160000,108382.3529,17.341176464,5.034958574987819
Kuwait,Asia,1957,58.033,212846,113523.1329,24.1629447452334,5.055084367847655
Kuwait,Asia,1962,60.47,358266,95458.11176,34.19939586780816,4.979812839412971
Kuwait,Asia,1967,64.624,575003,80894.88326,46.51480055914978,4.907921052610741
Kuwait,Asia,1972,67.712,841934,109347.867,92.063687054778,5.038810315867805
Kuwait,Asia,1977,69.343,1140357,59265.47714,67.58380171493899,4.772801785209497
Kuwait,Asia,1982,71.309,1497494,31354.03573,46.95248038146062,4.496293448913646
Kuwait,Asia,1987,74.174,1891487,28118.42998,53.185644767580264,4.448991067768198
Kuwait,Asia,1992,75.19,1418095,34932.91959,49.53819860598105,4.543234884201595
Kuwait,Asia,1997,76.156,1765345,40300.61996,71.14449794328621,4.605311727112227
Kuwait,Asia,2002,76.904,2111561,35110.10566,74.13712981753527,4.5454321364287775
Kuwait,Asia,2007,77.588,2505559,47306.98978,118.53045400618703,4.674925314069958
Lebanon,Asia,1952,55.928,1439529,4834.804067,6.959840663764443,3.6843788787613345
Lebanon,Asia,1957,59.489,1647412,6089.786934,10.032388072514808,3.7846020980504753
Lebanon,Asia,1962,62.094,1886848,5714.560611,10.782507259744127,3.756982843383252
Lebanon,Asia,1967,63.87,2186894,6006.983042,13.136635172651548,3.778656405915023
Lebanon,Asia,1972,65.421,2680018,7486.384341,20.063644788798136,3.8742721194509575
Lebanon,Asia,1977,66.099,3115787,8659.696836,26.98177082554993,3.9375026882347894
Lebanon,Asia,1982,66.983,3086876,7640.519521,23.585336336906394,3.883122889653257
Lebanon,Asia,1987,67.926,3089353,5377.091329,16.611733228520137,3.7305474129591527
Lebanon,Asia,1992,69.292,3219994,6890.806854,22.188356725038876,3.8382700770199594
Lebanon,Asia,1997,70.265,3430388,8754.96385,30.032922931473802,3.9422543571838355
Lebanon,Asia,2002,71.028,3677780,9313.93883,34.25461795019739,3.9691333813441148
Lebanon,Asia,2007,71.993,3921278,10461.05868,41.02071925859304,4.0195756382230385
Lesotho,Africa,1952,42.138,748747,298.8462121,0.2237602047712387,2.4754477554867704
Lesotho,Africa,1957,45.047,813338,335.9971151,0.2732792216012038,2.526335548516244
Lesotho,Africa,1962,47.747,893143,411.8006266,0.3677968470434038,2.614687003109393
Lesotho,Africa,1967,48.492,996380,498.6390265,0.49683395322407004,2.697786266005531
Lesotho,Africa,1972,49.767,1116779,496.5815922,0.5545718939555238,2.695990616639942
Lesotho,Africa,1977,52.208,1251524,745.3695408,0.9328478691801791,2.872371641526537
Lesotho,Africa,1982,55.078,1411807,797.2631074,1.1255816358690718,2.901601667989877
Lesotho,Africa,1987,57.18,1599200,773.9932141,1.23776994798872,2.888737153070691
Lesotho,Africa,1992,59.685,1803195,977.4862725,1.7625983591406376,2.990110667019963
Lesotho,Africa,1997,55.558,1982823,1186.147994,2.351921523907062,3.0741388787143853
Lesotho,Africa,2002,44.593,2046772,1275.184575,2.6100120829419,3.1055730507326365
Lesotho,Africa,2007,42.592,2012649,1569.331442,3.158513357409858,3.195714676047237
Liberia,Africa,1952,38.48,863308,575.5729961,0.49689677211709876,2.7601004101431883
Liberia,Africa,1957,39.486,975950,620.9699901,0.6060356618380951,2.7930706123361673
Liberia,Africa,1962,40.502,1112796,634.1951625,0.70572984004935,2.8022229250017467
Liberia,Africa,1967,41.536,1279406,713.6036483,0.9129887892569098,2.8534570617051016
Liberia,Africa,1972,42.614,1482628,803.0054535,1.190558369511798,2.9047184947393467
Liberia,Africa,1977,43.764,1703617,640.3224383,1.090864191369331,2.806398720720203
Liberia,Africa,1982,44.852,1956875,572.1995694,1.1197230323696248,2.757547526647723
Liberia,Africa,1987,46.027,2269414,506.1138573,1.1485818733506221,2.7042482283709006
Liberia,Africa,1992,40.802,1912974,636.6229191,1.2178430920424035,2.8038822696281938
Liberia,Africa,1997,42.221,2200725,609.1739508,1.3406243428743299,2.784741323971793
Liberia,Africa,2002,43.753,2814651,531.4823679,1.4959373782921028,2.7254888612379546
Liberia,Africa,2007,45.678,3193942,414.5073415,1.3239124073251929,2.617532226912115
Libya,Africa,1952,42.723,1019729,2387.54806,2.43465199567574,3.3779521224475015
Libya,Africa,1957,45.289,1201578,3448.284395,4.14338266677531,3.5376030767831246
Libya,Africa,1962,47.808,1441863,6757.030816,9.742712723450209,3.829755899565531
Libya,Africa,1967,50.227,1759224,18772.75169,33.025475319088564,4.2735279357110905
Libya,Africa,1972,52.773,2183877,21011.49721,45.886525492483166,4.322456999901149
Libya,Africa,1977,57.442,2721783,21951.21176,59.74643499776808,4.341458499346054
Libya,Africa,1982,62.155,3344074,17364.27538,58.067421827098116,4.239656664696384
Libya,Africa,1987,66.234,3799845,11770.5898,44.726416798581,4.0707982249902335
Libya,Africa,1992,68.755,4364501,9640.138501,42.074394127752996,3.9840832735073892
Libya,Africa,1997,71.555,4759670,9467.446056,45.06191896936153,3.976232839259114
Libya,Africa,2002,72.737,5368585,9534.677467,51.18772642917419,3.9793060065932173
Libya,Africa,2007,73.952,6036914,12057.49928,72.79008620842193,4.081257244660515
Madagascar,Africa,1952,36.681,4762912,1443.011715,6.87293781351408,3.1592698569002877
Madagascar,Africa,1957,38.865,5181679,1589.20275,8.23473851641725,3.2011793078990514
Madagascar,Africa,1962,40.848,5703324,1643.38711,9.372769145753638,3.215739876237565
Madagascar,Africa,1967,42.881,6334556,1634.047282,10.35096401447679,3.213264618912801
Madagascar,Africa,1972,44.851,7082430,1748.562982,12.38407492060626,3.2426812799065963
Madagascar,Africa,1977,46.881,8007166,1544.228586,12.364894630047276,3.1887115876386662
Madagascar,Africa,1982,48.969,9171477,1302.878658,11.949321645637866,3.1149039701140153
Madagascar,Africa,1987,49.35,10568642,1155.441948,12.211452300194614,3.062748130432525
Madagascar,Africa,1992,52.214,12210395,1040.67619,12.707067346995048,3.0173156182977596
Madagascar,Africa,1997,54.978,14165114,986.2958956,13.970993798906097,2.994007225841873
Madagascar,Africa,2002,57.286,16473477,894.6370822,14.737783396968808,2.9516468954698474
Madagascar,Africa,2007,59.443,19167654,1044.770126,20.0257922847044,3.0190207459573766
Malawi,Africa,1952,36.256,2917802,369.1650802,1.0771506093377203,2.56722061382276
Malawi,Africa,1957,37.207,3221238,416.3698064,1.3412262424283232,2.6194792285490958
Malawi,Africa,1962,38.41,3628608,427.9010856,1.5526853024168448,2.6313433883056003
Malawi,Africa,1967,39.487,4147252,495.5147806,2.0550246648729114,2.695056613487855
Malawi,Africa,1972,41.766,4730997,584.6219709,2.765844790461987,2.766875132713741
Malawi,Africa,1977,43.767,5637246,663.2236766,3.7387550180186433,2.8216600218142123
Malawi,Africa,1982,45.642,6502825,632.8039209,4.115013156926542,2.8012691614187584
Malawi,Africa,1987,47.457,7824747,635.5173634,4.97276258271206,2.803127420705593
Malawi,Africa,1992,49.42,10014249,563.2000145,5.64002518200661,2.7506626573152877
Malawi,Africa,1997,47.495,10419991,692.2758103,7.2135077128437075,2.840279156634159
Malawi,Africa,2002,45.009,11824495,665.4231186,7.8682923387701065,2.8230978853605677
Malawi,Africa,2007,48.303,13327079,759.3499101,10.119916240545598,2.8804419458658828
Malaysia,Asia,1952,48.463,6748378,1831.132894,12.357176936945933,3.2627198642560913
Malaysia,Asia,1957,52.102,7739235,1810.066992,14.00853381683112,3.25769464874627
Malaysia,Asia,1962,55.737,8906385,2036.884944,18.14128151196744,3.308966498024641
Malaysia,Asia,1967,59.371,10154878,2277.742396,23.13019614680769,3.357504605466588
Malaysia,Asia,1972,63.01,11441462,2849.09478,32.59780965976836,3.4547068970268824
Malaysia,Asia,1977,65.256,12845381,3827.921571,49.17111101761355,3.582963031082117
Malaysia,Asia,1982,68.0,14441916,4920.355951,71.05936733444211,3.6919965218656055
Malaysia,Asia,1987,69.5,16331785,5249.802653,85.7386482212256,3.7201429780109065
Malaysia,Asia,1992,70.693,18319502,7277.912802,133.3277381320646,3.8620068479200307
Malaysia,Asia,1997,71.938,20476091,10132.90964,207.48237988341722,4.005734169857153
Malaysia,Asia,2002,73.044,22662365,10206.97794,231.3142596232281,4.008897176145817
Malaysia,Asia,2007,74.241,24821286,12451.6558,309.06610978535883,4.095227107013149
Mali,Africa,1952,33.685,3838168,452.3369807,1.7361453245393577,2.6554620948372682
Mali,Africa,1957,35.307,4241884,490.3821867,2.0801443516477427,2.6905346859018695
Mali,Africa,1962,36.936,4690372,496.1743428,2.3272422445875214,2.6956343031274983
Mali,Africa,1967,38.487,5212416,545.0098873,2.8408182567207163,2.736404381103947
Mali,Africa,1972,39.977,5828158,581.3688761,3.3883096661932233,2.7644517778646858
Mali,Africa,1977,41.714,6491649,686.3952693,4.455837163556076,2.8365742816530246
Mali,Africa,1982,43.916,6998256,618.0140641,4.32502063217221,2.790998358408433
Mali,Africa,1987,46.364,7634008,684.1715576,5.222971144090861,2.8351650157214126
Mali,Africa,1992,48.388,8416215,739.014375,6.219703868090625,2.86865288619247
Mali,Africa,1997,49.903,9384984,790.2579846,7.416558541343247,2.8977688925536316
Mali,Africa,2002,51.818,10580176,951.4097518,10.066082622160316,2.9783675985566846
Mali,Africa,2007,54.467,12031795,1042.581557,12.544127564604814,3.018110038101096
Mauritania,Africa,1952,40.543,1022556,743.1159097,0.7598776321591931,2.8710565594093267
Mauritania,Africa,1957,42.338,1076852,846.1202613,0.9111462956214277,2.9274320948440957
Mauritania,Africa,1962,44.248,1146757,1055.896036,1.210856170555252,3.02362115947219
Mauritania,Africa,1967,46.289,1230542,1421.145193,1.7487788480846063,3.152638450409862
Mauritania,Africa,1972,48.437,1332786,1586.851781,2.1149338377918663,3.2005363636168687
Mauritania,Africa,1977,50.852,1456688,1497.492223,2.181378951337424,3.1753645756243167
Mauritania,Africa,1982,53.599,1622136,1481.150189,2.402627042983704,3.170599098323269
Mauritania,Africa,1987,56.145,1841240,1421.603576,2.61751336827424,3.152778507253009
Mauritania,Africa,1992,58.333,2119465,1361.369784,2.88537560924556,3.133976107082672
Mauritania,Africa,1997,60.43,2444741,1483.136136,3.625883720260776,3.171181016436387
Mauritania,Africa,2002,62.247,2828858,1579.019543,4.466822066371894,3.198387505159996
Mauritania,Africa,2007,64.164,3270065,1803.151496,5.8964225967672395,3.25603221652431
Mauritius,Africa,1952,50.986,516556,1967.955707,1.016559328185092,3.2940153194906676
Mauritius,Africa,1957,58.089,609816,2034.037981,1.2403889054214958,3.308359058117067
Mauritius,Africa,1962,60.246,701016,2529.067487,1.7729167734667919,3.402960418447072
Mauritius,Africa,1967,61.557,789309,2475.387562,1.9538456811746578,3.3936432044255502
Mauritius,Africa,1972,62.944,851334,2575.484158,2.1925972301667724,3.4108588828462456
Mauritius,Africa,1977,64.93,913025,3710.982963,3.3882202197930753,3.569488960521763
Mauritius,Africa,1982,66.711,992040,3688.037739,3.65868095859756,3.5667953564584884
Mauritius,Africa,1987,68.74,1042663,4783.586903,4.987669071042689,3.6797536681597327
Mauritius,Africa,1992,69.745,1096202,6058.253846,6.641069982492891,3.782347466687059
Mauritius,Africa,1997,70.736,1149818,7425.705295,8.538209610886309,3.8707377093265785
Mauritius,Africa,2002,71.954,1200206,9021.815894,10.828037566874162,3.9552939603103834
Mauritius,Africa,2007,72.801,1250882,10956.99112,13.70590296616784,4.0396913096789095
Mexico,Americas,1952,50.789,30144317,3478.125529,104.84571851196868,3.5413452520681394
Mexico,Americas,1957,55.19,35015548,4131.546641,144.66836972217425,3.6161126598673863
Mexico,Americas,1962,58.299,41121485,4581.609385,188.40258160113672,3.661018059717971
Mexico,Americas,1967,60.11,47995559,5754.733883,276.20166961082555,3.760025245286952
Mexico,Americas,1972,62.361,55984294,6809.40669,381.2198260985269,3.833109273075149
Mexico,Americas,1977,65.032,63759976,7674.929108,489.3532957277814,3.8850743726643246
Mexico,Americas,1982,67.405,71640904,9611.147541,688.551298314617,3.9827752441691615
Mexico,Americas,1987,69.498,80122492,8688.156003,696.1167098451195,3.938927610430061
Mexico,Americas,1992,71.455,88111030,9472.384295,834.6215367882738,3.976459309080319
Mexico,Americas,1997,73.67,95895146,9767.29753,936.6364226647893,3.9897744173357648
Mexico,Americas,2002,74.902,102479927,10742.44053,1100.8845213162413,4.031102958114439
Mexico,Americas,2007,76.195,108700891,11977.57496,1301.9730701712892,4.078368897510771
Mongolia,Asia,1952,42.244,800663,786.5668575,0.6297749798265224,2.895735643182164
Mongolia,Asia,1957,45.248,882134,912.6626085,0.805090717486539,2.9603102579862983
Mongolia,Asia,1962,48.251,1010280,1056.353958,1.0672132766882398,3.0238094638882607
Mongolia,Asia,1967,51.253,1149500,1226.04113,1.409334278935,3.0885050397031306
Mongolia,Asia,1972,53.754,1320500,1421.741975,1.8774102779875,3.152820785562817
Mongolia,Asia,1977,55.491,1528000,1647.511665,2.5173978241199997,3.216828498244619
Mongolia,Asia,1982,57.489,1756032,2000.603139,3.513123131384448,3.301160945889437
Mongolia,Asia,1987,60.222,2015133,2338.008304,4.711397687664432,3.368846049330087
Mongolia,Asia,1992,61.271,2312802,1785.402016,4.129281353408832,3.251736020824972
Mongolia,Asia,1997,63.625,2494803,1902.2521,4.7457442458363,3.2792680722142546
Mongolia,Asia,2002,65.033,2674234,2140.739323,5.724837882703582,3.330563786642788
Mongolia,Asia,2007,66.803,2874127,3095.772271,8.897642669932416,3.490769005923762
Montenegro,Europe,1952,59.164,413834,2647.585601,1.095660939604234,3.422850010494709
Montenegro,Europe,1957,61.448,442829,3682.259903,1.630611470585587,3.5661144388271913
Montenegro,Europe,1962,63.728,474528,4649.593785,2.2063624396084798,3.667415012107344
Montenegro,Europe,1967,67.178,501035,5907.850937,2.9600400942197953,3.771429528946098
Montenegro,Europe,1972,70.636,527678,7778.414017,4.104497951662526,3.8908910553598126
Montenegro,Europe,1977,73.066,560073,9595.929905,5.374421249683065,3.982087066934091
Montenegro,Europe,1982,74.101,562548,11222.58762,6.31324422045576,4.05009300482744
Montenegro,Europe,1987,74.865,569473,11732.51017,6.68134776404041,4.069390939340783
Montenegro,Europe,1992,75.435,621621,7003.339037,4.353422615518977,3.845305151384998
Montenegro,Europe,1997,75.445,692651,6465.613349,4.478413551798199,3.8106097297502455
Montenegro,Europe,2002,73.981,720230,6557.194282,4.72268803772486,3.8167180514948735
Montenegro,Europe,2007,74.543,684736,9253.896111,6.336475807461696,3.966324619577895
Morocco,Africa,1952,42.873,9939217,1688.20357,16.77942162240469,3.227424814325833
Morocco,Africa,1957,45.423,11406350,1642.002314,18.7292530942939,3.215373764815531
Morocco,Africa,1962,47.924,13056604,1566.353493,20.451257282117773,3.194889779902554
Morocco,Africa,1967,50.335,14770296,1711.04477,25.27263772215192,3.233261373135245
Morocco,Africa,1972,52.862,16660670,1930.194975,32.15834151413325,3.2856011806604903
Morocco,Africa,1977,55.73,18396941,2370.619976,43.61215583189342,3.374861939657606
Morocco,Africa,1982,59.65,20198730,2702.620356,54.58949886334788,3.4317850435255424
Morocco,Africa,1987,62.677,22987397,2755.046991,63.33135893577243,3.440129010722452
Morocco,Africa,1992,65.393,25798239,2948.047252,76.05442759038922,3.469534440217678
Morocco,Africa,1997,67.66,28529501,2982.101858,85.07787793991285,3.4745224733261812
Morocco,Africa,2002,69.615,31167783,3258.495584,101.56008326857027,3.5130171367645686
Morocco,Africa,2007,71.164,33757175,3820.17523,128.95832376977523,3.582083284293035
Mozambique,Africa,1952,31.286,6446316,468.5260381,3.02026689582064,2.670733731592889
Mozambique,Africa,1957,33.779,7038035,495.5868333,3.4879574783045655,2.6951197595661833
Mozambique,Africa,1962,36.161,7788944,556.6863539,4.335998836091281,2.745610575539799
Mozambique,Africa,1967,38.113,8680909,566.6691539,4.919203358112895,2.753329572875096
Mozambique,Africa,1972,40.328,9809596,724.9178037,7.111150787504306,2.8602887659871894
Mozambique,Africa,1977,42.495,11127868,502.3197334,5.589747687070392,2.7009802395539166
Mozambique,Africa,1982,42.795,12587223,462.2114149,5.817958152491824,2.6648406667312905
Mozambique,Africa,1987,42.861,12891952,389.8761846,5.02626505780634,2.590926707327782
Mozambique,Africa,1992,44.284,13160731,410.8968239,5.4077025681022715,2.613732784318491
Mozambique,Africa,1997,46.344,16603334,472.3460771,7.842519681681051,2.674260312831004
Mozambique,Africa,2002,44.026,18473780,633.6179466,11.705318549540149,2.8018274697161716
Mozambique,Africa,2007,42.082,19951656,823.6856205,16.43389215236255,2.9157614843495785
Myanmar,Asia,1952,36.319,20092996,331.0,6.650781676,2.519827993775719
Myanmar,Asia,1957,41.905,21731844,350.0,7.6061454,2.5440680443502757
Myanmar,Asia,1962,45.108,23634436,388.0,9.170161168,2.5888317255942073
Myanmar,Asia,1967,49.379,25870271,349.0,9.028724579,2.5428254269591797
Myanmar,Asia,1972,53.07,28466390,357.0,10.16250123,2.552668216112193
Myanmar,Asia,1977,56.059,31528087,371.0,11.696920277,2.569373909615046
Myanmar,Asia,1982,58.056,34680442,424.0,14.704507408,2.6273658565927325
Myanmar,Asia,1987,58.339,38028578,385.0,14.64100253,2.5854607295085006
Myanmar,Asia,1992,59.32,40546538,347.0,14.069648686,2.5403294747908736
Myanmar,Asia,1997,60.328,43247867,415.0,17.947864805,2.6180480967120925
Myanmar,Asia,2002,59.908,45598081,611.0,27.860427491,2.786041210242554
Myanmar,Asia,2007,62.069,47761980,944.0,45.08730912,2.974971994298069
Namibia,Africa,1952,41.725,485831,2423.780443,1.1775476764031332,3.3844932769166256
Namibia,Africa,1957,45.226,548080,2621.448058,1.43676325162864,3.4185412569200593
Namibia,Africa,1962,48.386,621392,3173.215595,1.97181078500824,3.5014995799913624
Namibia,Africa,1967,51.159,706640,3793.694753,2.6807764602599202,3.579062383900862
Namibia,Africa,1972,53.867,821782,3746.080948,3.0784618936093358,3.5735771576868127
Namibia,Africa,1977,56.437,977026,3876.485958,3.7874275696009083,3.5884382151405165
Namibia,Africa,1982,58.968,1099010,4191.100511,4.60606137259411,3.622328076211855
Namibia,Africa,1987,60.835,1278184,3693.731337,4.721268295252009,3.567465303908338
Namibia,Africa,1992,61.999,1554253,3804.537999,5.913214598559747,3.5803019261086964
Namibia,Africa,1997,58.909,1774766,3899.52426,6.92074307282316,3.5910116265496934
Namibia,Africa,2002,51.479,1972153,4072.324751,8.031247474658903,3.6098424038924457
Namibia,Africa,2007,52.906,2055080,4811.060429,9.88711406642932,3.6822408118633683
Nepal,Asia,1952,36.157,9182536,545.8657229,5.012431651695274,2.7370858240682567
Nepal,Asia,1957,37.686,9682338,597.9363558,5.789421899343861,2.7766549602495685
Nepal,Asia,1962,39.393,10332057,652.3968593,6.74060153690858,2.8145118616386817
Nepal,Asia,1967,41.472,11261690,676.4422254,7.617882645364926,2.8302307096380663
Nepal,Asia,1972,43.971,12412593,674.7881296,8.375870413956054,2.8291674341800372
Nepal,Asia,1977,46.748,13933198,694.1124398,9.671206057996478,2.841429827845788
Nepal,Asia,1982,49.594,15796314,718.3730947,11.347646973032935,2.8563500582887893
Nepal,Asia,1987,52.537,17917180,775.6324501,13.897146222282718,2.889655970345504
Nepal,Asia,1992,55.727,20326209,897.7403604,18.247658193225725,2.95315075053154
Nepal,Asia,1997,59.426,23001113,1010.892138,23.251644296949596,3.004704818923905
Nepal,Asia,2002,61.34,25873917,1057.206311,27.354068342690187,3.024159746991166
Nepal,Asia,2007,63.785,28901790,1091.359778,31.54225111820262,3.037967943844652
Netherlands,Europe,1952,72.13,10381988,8941.571858,92.8312917308937,3.951413871061022
Netherlands,Europe,1957,72.99,11026383,11276.19344,124.33562765152752,4.052162517465971
Netherlands,Europe,1962,73.23,11805689,12790.84956,151.00479195114684,4.106899390996774
Netherlands,Europe,1967,73.82,12596822,15363.25136,193.52814272317792,4.186483136156346
Netherlands,Europe,1972,73.75,13329874,18794.74567,250.53159164314556,4.274036453228181
Netherlands,Europe,1977,75.24,13852989,21209.0592,293.8088637979488,4.326521404334077
Netherlands,Europe,1982,76.05,14310401,21399.46046,306.23486036624445,4.330402823713739
Netherlands,Europe,1987,76.83,14665278,23651.32361,346.8532358086136,4.373855450377592
Netherlands,Europe,1992,77.42,15174244,26790.94961,406.5324063738448,4.427988107526607
Netherlands,Europe,1997,78.03,15604464,30246.13063,471.9746565551323,4.4806698235000875
Netherlands,Europe,2002,78.53,16122830,33724.75778,543.7385364781173,4.527948839138985
Netherlands,Europe,2007,79.762,16570613,36797.93332,609.7643122455252,4.565823428104935
New Zealand,Oceania,1952,69.39,1994794,10556.57566,21.05819378711404,4.023523064680335
New Zealand,Oceania,1957,70.26,2229407,12247.39532,27.30442885817524,4.088043736175671
New Zealand,Oceania,1962,71.24,2488550,13175.678,32.7883334869,4.119772972581555
New Zealand,Oceania,1967,71.52,2728150,14463.91893,39.4597404288795,4.160285978925514
New Zealand,Oceania,1972,71.89,2929100,16046.03728,47.000447796848,4.205367796870557
New Zealand,Oceania,1977,72.22,3164900,16233.7177,51.378093148729995,4.2104179894321065
New Zealand,Oceania,1982,73.84,3210650,17632.4104,56.61149845076,4.246311685632508
New Zealand,Oceania,1987,74.32,3317166,19007.19129,63.05000870268414,4.278917945514793
New Zealand,Oceania,1992,76.33,3437674,18363.32494,63.12712469978956,4.263951319150527
New Zealand,Oceania,1997,77.55,3676187,21050.41377,77.385257445895,4.323260636811197
New Zealand,Oceania,2002,79.11,3908037,23189.80135,90.62660169844995,4.365297028371995
New Zealand,Oceania,2007,80.204,4115771,25185.00911,103.65573012967381,4.401142112288112
Nicaragua,Americas,1952,42.314,1165790,3112.363948,3.62836276693892,3.4930903760317378
Nicaragua,Americas,1957,45.432,1358828,3457.415947,4.698033596430116,3.5387516308065674
Nicaragua,Americas,1962,48.632,1590597,3634.364406,5.780809121090383,3.5604284704625555
Nicaragua,Americas,1967,51.884,1865490,4643.393534,8.66220420374166,3.6668354922817294
Nicaragua,Americas,1972,55.151,2182908,4688.593267,10.234767751280435,3.6710425595549974
Nicaragua,Americas,1977,57.47,2554598,5486.371089,14.015472611217222,3.7392851792172004
Nicaragua,Americas,1982,59.298,2979423,3470.338156,10.339605319763987,3.540371795289281
Nicaragua,Americas,1987,62.008,3344353,2955.984375,9.885855212484374,3.470702134097208
Nicaragua,Americas,1992,65.843,4017939,2170.151724,8.719537247776834,3.3364900981768706
Nicaragua,Americas,1997,68.426,4609572,2253.023004,10.385471754594288,3.352765626015557
Nicaragua,Americas,2002,70.836,5146848,2474.548819,12.736126639972513,3.393496026186444
Nicaragua,Americas,2007,72.899,5675356,2749.320965,15.60337523463854,3.439225443805434
Niger,Africa,1952,37.444,3379468,761.879376,2.574746971051968,2.8818862174230904
Niger,Africa,1957,38.598,3692184,835.5234025,3.08490613833606,2.9219586187228557
Niger,Africa,1962,39.487,4076008,997.7661127,4.066902657494102,2.999028749836363
Niger,Africa,1967,40.118,4534062,1054.384891,4.780646467657242,3.022999173992783
Niger,Africa,1972,40.546,5060262,954.2092363,4.82854873849791,2.979643616011117
Niger,Africa,1977,41.291,5682086,808.8970728,4.5962227327978615,2.9078932638139743
Niger,Africa,1982,42.598,6437188,909.7221354,5.856052413331255,2.9589087621122427
Niger,Africa,1987,44.555,7332638,668.3000228,4.900402142584147,2.8249714759402638
Niger,Africa,1992,47.391,8392818,581.182725,4.87776083566905,2.7643126969049336
Niger,Africa,1997,51.313,9666252,580.3052092,5.609376389039919,2.763656469094017
Niger,Africa,2002,54.496,11140655,601.0745012,6.696363647166286,2.778928304706227
Niger,Africa,2007,56.867,12894865,619.6768924,7.990649871117527,2.7921653017164396
Nigeria,Africa,1952,36.324,33119096,1077.281856,35.67860120792218,3.0323293453507603
Nigeria,Africa,1957,37.802,37173340,1100.592563,40.91270154587041,3.0416265738404165
Nigeria,Africa,1962,39.36,41871351,1150.927478,48.190888406882785,3.061047958819451
Nigeria,Africa,1967,41.04,47287752,1014.514104,47.97409135045421,3.0062580890695076
Nigeria,Africa,1972,42.821,53740085,1698.388838,91.27156051717124,3.2300371269357706
Nigeria,Africa,1977,44.514,62209173,1981.951806,123.29558277711644,3.297093089784607
Nigeria,Africa,1982,45.826,73039376,1576.97375,115.18117866838,3.197824464207132
Nigeria,Africa,1987,46.886,81551520,1385.029563,112.95126610758577,3.1414590433721243
Nigeria,Africa,1992,47.472,93364244,1619.848217,151.23590417495294,3.2094743221922615
Nigeria,Africa,1997,47.464,106207839,1624.941275,172.58150131965473,3.210837670296864
Nigeria,Africa,2002,46.608,119901274,1615.286395,193.67489663536725,3.2082495351755087
Nigeria,Africa,2007,46.859,135031164,2013.977305,271.949699763733,3.304054572290687
Norway,Europe,1952,72.67,3327728,10095.42172,33.59481752945216,4.004124465611847
Norway,Europe,1957,73.44,3491938,11653.97304,40.694951309351524,4.0664740090696645
Norway,Europe,1962,73.47,3638919,13450.40151,48.94492161236769,4.128735248723168
Norway,Europe,1967,74.08,3786019,16361.87647,61.94637519107293,4.213833109471841
Norway,Europe,1972,74.34,3933004,18965.05551,74.58963918105204,4.277954118204188
Norway,Europe,1977,75.37,4043205,23311.34939,94.25256441039494,4.367567413617926
Norway,Europe,1982,75.97,4114787,26298.63531,108.21328269132898,4.419933212645124
Norway,Europe,1987,75.89,4186147,31540.9748,132.0351570360956,4.498875111431657
Norway,Europe,1992,77.32,4286357,33965.66115,145.58894942993055,4.531040072658591
Norway,Europe,1997,78.32,4405672,41283.16433,181.88008116007978,4.615772978308806
Norway,Europe,2002,79.05,4535591,44683.97525,202.66823598812277,4.650151802589099
Norway,Europe,2007,80.196,4627926,49357.19017,228.42142367468745,4.693350428002532
Oman,Asia,1952,37.578,507833,1828.230307,0.9284356814947311,3.262030904066861
Oman,Asia,1957,40.08,561977,2242.746551,1.260371978491327,3.350780197469991
Oman,Asia,1962,43.165,628164,2924.638113,1.837152375614532,3.466072135289859
Oman,Asia,1967,46.988,714775,4720.942687,3.3744118091004247,3.6740287280587216
Oman,Asia,1972,52.143,829050,10618.03855,8.802884859877498,4.026044297763651
Oman,Asia,1977,57.367,1004533,11848.34392,11.902052462989358,4.073657651893169
Oman,Asia,1982,62.728,1301048,12954.79101,16.854804933978482,4.112430411228762
Oman,Asia,1987,67.734,1593882,18115.22313,28.87352807289066,4.25804368772363
Oman,Asia,1992,71.197,1915208,18616.70691,35.65486600768728,4.269902861537984
Oman,Asia,1997,72.499,2283635,19702.05581,44.99230421966936,4.294511544961401
Oman,Asia,2002,74.193,2713462,19774.83687,53.65826840294394,4.2961129095274355
Oman,Asia,2007,75.64,3204897,22316.19287,71.52109958048439,4.348620106189432
Pakistan,Asia,1952,43.436,41346560,684.5971438,28.30573688195533,2.8354350828905424
Pakistan,Asia,1957,45.557,46679944,747.0835292,34.87381730637836,2.8733691617117723
Pakistan,Asia,1962,47.67,53100671,803.3427418,42.658038632559744,2.9049008741886864
Pakistan,Asia,1967,49.8,60641899,942.4082588,57.149426446915456,2.9742390834018027
Pakistan,Asia,1972,51.929,69325921,1049.938981,72.7879868516265,3.0211640600365772
Pakistan,Asia,1977,54.043,78152686,1175.921193,91.90139975727439,3.070378217495173
Pakistan,Asia,1982,56.158,91462088,1443.429832,132.01910631620922,3.1593956768098224
Pakistan,Asia,1987,58.245,105186881,1704.686583,179.31066474831763,3.23164454298501
Pakistan,Asia,1992,60.838,120065004,1971.829464,236.74771248247785,3.2948693517581438
Pakistan,Asia,1997,61.818,135564834,2049.350521,277.81986318717844,3.3116162465010937
Pakistan,Asia,2002,63.61,153403524,2092.712441,321.0294631680421,3.3207095561615465
Pakistan,Asia,2007,65.483,169270617,2605.94758,441.11035473625685,3.4159656754035375
Panama,Americas,1952,55.191,940080,2480.380334,2.33175594438672,3.3945182793314443
Panama,Americas,1957,59.201,1063506,2961.800905,3.1498930332729302,3.4715558614890494
Panama,Americas,1962,61.817,1215725,3536.540301,4.2994604574332245,3.5485786114930282
Panama,Americas,1967,64.071,1405486,4421.009084,6.213666373434824,3.645521407266657
Panama,Americas,1972,66.216,1616384,5364.249663,8.670687327278591,3.7295089825911916
Panama,Americas,1977,68.681,1839782,5351.912144,9.846351628112608,3.728508975520384
Panama,Americas,1982,70.472,2036305,7009.601598,14.27368678201539,3.8456933348415334
Panama,Americas,1987,71.523,2253639,7034.779161,15.853852673616881,3.84725046841405
Panama,Americas,1992,72.462,2484997,6618.74305,16.447556623020848,3.8207755214216097
Panama,Americas,1997,73.738,2734531,7113.692252,19.45261198755381,3.852095073086311
Panama,Americas,2002,74.712,2990875,7356.031934,22.00097201060225,3.8666436059289926
Panama,Americas,2007,75.537,3242173,9809.185636,31.803076821027027,3.991632953509189
Paraguay,Americas,1952,62.649,1555876,1952.308701,3.037550252477076,3.2905484898372737
Paraguay,Americas,1957,63.196,1770902,2046.154706,3.623539461164812,3.3109384668258355
Paraguay,Americas,1962,64.361,2009813,2148.027146,4.317132882383698,3.3320397655207725
Paraguay,Americas,1967,64.951,2287985,2299.376311,5.260938508923335,3.3616100527902733
Paraguay,Americas,1972,65.815,2614104,2523.337977,6.596267899027608,3.4019754240077367
Paraguay,Americas,1977,66.353,2984494,3248.373311,9.694750656439634,3.511665933620544
Paraguay,Americas,1982,66.874,3366439,4258.503604,14.335992614146159,3.6292570191280102
Paraguay,Americas,1987,67.378,3886512,3998.875695,15.54167837512584,3.6019379043049082
Paraguay,Americas,1992,68.225,4483945,4196.411078,18.81647647114271,3.6228780248414565
Paraguay,Americas,1997,69.4,5154123,4247.400261,21.8916233754261,3.6281231893996098
Paraguay,Americas,2002,70.755,5884491,3783.674243,22.264997029865313,3.577913738576077
Paraguay,Americas,2007,71.752,6667147,4172.838464,27.82092744674221,3.620431572933302
Peru,Americas,1952,43.902,8025700,3758.523437,30.164781548330897,3.5750172627178163
Peru,Americas,1957,46.263,9146100,4245.256698,38.827542285577806,3.6279039558648574
Peru,Americas,1962,49.096,10516500,4957.037982,52.130689937702996,3.6952222465851623
Peru,Americas,1967,51.445,12132200,5788.09333,70.222305898226,3.762535525276511
Peru,Americas,1972,55.448,13954700,5937.827283,82.8605983860801,3.7736275608701724
Peru,Americas,1977,58.447,15990099,6281.290855,100.43846261924465,3.798048903863704
Peru,Americas,1982,61.406,18125129,6434.501797,116.62617512135681,3.808514926502278
Peru,Americas,1987,64.134,20195924,6360.943444,128.46513036332226,3.8035215342233
Peru,Americas,1992,66.458,22430449,4446.380924,99.73432055035488,3.648006666213769
Peru,Americas,1997,68.386,24748122,5838.347657,144.48814009385015,3.76628995242336
Peru,Americas,2002,69.906,26769436,5909.020073,158.18113466688882,3.7715154652848497
Peru,Americas,2007,71.421,28674757,7408.905561,212.44856659762365,3.8697540590018766
Philippines,Asia,1952,47.752,22438691,1272.880995,28.561783326577544,3.104787802215522
Philippines,Asia,1957,51.334,26072194,1547.944844,40.35831827406774,3.189755481945582
Philippines,Asia,1962,54.757,30325264,1649.552153,50.023104521493394,3.2173660509526316
Philippines,Asia,1967,56.393,35356600,1814.12743,64.141377891538,3.25866779000196
Philippines,Asia,1972,58.065,40850141,1989.37407,81.26621126124387,3.298716452939524
Philippines,Asia,1977,60.06,46850962,2373.204287,111.18690386847409,3.375335124183688
Philippines,Asia,1982,62.082,53456774,2603.273765,139.1626173157341,3.415519841707788
Philippines,Asia,1987,64.151,60017788,2189.634995,131.41704892729103,3.3403717254022243
Philippines,Asia,1992,66.458,67185766,2279.324017,153.138130044342,3.3578060666427443
Philippines,Asia,1997,68.564,75012988,2536.534925,190.2730638906059,3.4042408464012484
Philippines,Asia,2002,70.303,82995088,2650.921068,220.013427319714,3.423396796672216
Philippines,Asia,2007,71.688,91077287,3190.481016,290.58035516228364,3.5038561648270914
Poland,Europe,1952,61.31,25730551,4029.329699,103.67687331593415,3.605232804891016
Poland,Europe,1957,65.77,28235346,4734.253019,133.67327204300958,3.675251464792706
Poland,Europe,1962,67.64,30329617,5338.752143,161.92230775511922,3.727439758762745
Poland,Europe,1967,69.61,31785378,6557.152776,208.42157958890934,3.816715302470971
Poland,Europe,1972,70.85,33039545,8006.506993,264.53134808803816,3.903443087304284
Poland,Europe,1977,70.67,34621254,9508.141454,329.18378034686333,3.978095634166226
Poland,Europe,1982,71.32,36227381,8451.531004,306.17683371522054,3.9269353889924212
Poland,Europe,1987,70.98,37740710,9082.351172,342.77438170061214,3.9581982900240202
Poland,Europe,1992,70.99,38370697,7738.881247,296.94626744761916,3.888678182469454
Poland,Europe,1997,72.75,38654957,10159.58368,392.71827028830177,4.006875911768454
Poland,Europe,2002,74.67,38625976,12002.23908,463.59819865034206,4.079262273495782
Poland,Europe,2007,75.563,38518241,15389.92468,592.7928277960879,4.18723649435127
Portugal,Europe,1952,59.82,8526050,3068.319867,26.16064860203535,3.486900632080037
Portugal,Europe,1957,61.51,8817650,3774.571743,33.28285252966395,3.5768676843883633
Portugal,Europe,1962,64.39,9019800,4727.954889,42.6452075078022,3.674673324143961
Portugal,Europe,1967,66.6,9103000,6361.517993,57.908898290279005,3.8035607598812735
Portugal,Europe,1972,69.26,8970450,9022.247417,80.93361934182765,3.9553147325781945
Portugal,Europe,1977,70.41,9662600,10172.48572,98.29266051807201,4.00742708886894
Portugal,Europe,1982,72.77,9859650,11753.84291,115.8887772475815,4.070179882075499
Portugal,Europe,1987,74.06,9915289,13039.30876,129.28851471563163,4.115254569181586
Portugal,Europe,1992,74.86,9927680,16207.26663,160.9005567773184,4.209709776871707
Portugal,Europe,1997,75.97,10156415,17641.03156,179.16963755145738,4.246523976924887
Portugal,Europe,2002,77.29,10433867,19970.90787,208.3737965848333,4.300397808184131
Portugal,Europe,2007,78.098,10642836,20509.64777,218.2808176338757,4.3119582019159575
Puerto Rico,Americas,1952,64.28,2227000,3081.959785,6.863524441195,3.4888269675210974
Puerto Rico,Americas,1957,68.54,2260000,3907.156189,8.83017298714,3.5918607725416565
Puerto Rico,Americas,1962,69.62,2448046,5108.34463,12.505462638092979,3.7082801888769055
Puerto Rico,Americas,1967,71.1,2648961,6929.277714,18.355386422555153,3.84068796748737
Puerto Rico,Americas,1972,72.16,2847132,9123.041742,25.974504080983944,3.960139661960012
Puerto Rico,Americas,1977,73.44,3080828,9770.524921,30.101306751314585,3.9899178967965394
Puerto Rico,Americas,1982,73.75,3279001,10330.98915,33.87532375383915,4.0141419054325675
Puerto Rico,Americas,1987,74.63,3444468,12281.34191,42.30268920605388,4.089245822201595
Puerto Rico,Americas,1992,73.911,3585176,14641.58711,52.492666708681355,4.1655881556674625
Puerto Rico,Americas,1997,74.917,3759430,16999.4333,63.908179531019,4.230434443802678
Puerto Rico,Americas,2002,77.778,3859606,18855.60618,72.77521074596507,4.27544049889477
Puerto Rico,Americas,2007,78.746,3942491,19328.70901,76.2032613135439,4.286202847895252
Reunion,Africa,1952,52.724,257700,2718.885295,0.7006567405215,3.434390885851806
Reunion,Africa,1957,55.09,308700,2769.451844,0.8549297842428,3.4423938179149474
Reunion,Africa,1962,57.666,358900,3173.72334,1.1390493067260001,3.5015690657243885
Reunion,Africa,1967,60.542,414024,4021.175739,1.6648632641637358,3.604353053657538
Reunion,Africa,1972,64.274,461633,5047.658563,2.3301657654133794,3.703089970400089
Reunion,Africa,1977,67.064,492095,4319.804067,2.125753982350365,3.6354640490023047
Reunion,Africa,1982,69.885,517810,5267.219353,2.7274188531769306,3.721581404898934
Reunion,Africa,1987,71.913,562035,5303.377488,2.98068376646808,3.724552540775113
Reunion,Africa,1992,73.615,622191,6101.255823,3.7961464617681933,3.7854192351526845
Reunion,Africa,1997,74.772,684810,6071.941411,4.15812619766691,3.783327572340296
Reunion,Africa,2002,75.744,743981,6316.1652,4.6991069016612,3.8004534805050576
Reunion,Africa,2007,76.442,798094,7670.122558,6.121478792804452,3.884802303432406
Romania,Europe,1952,61.05,16630000,3144.613186,52.29491728318,3.49756723117478
Romania,Europe,1957,64.1,17829327,3943.370225,70.30763722358857,3.595867552910546
Romania,Europe,1962,66.8,18680721,4734.997586,88.45316883973952,3.675319761927012
Romania,Europe,1967,66.8,19284814,6470.866545,124.78945773914762,3.810962443035351
Romania,Europe,1972,69.21,20662648,8011.414402,165.5370357706565,3.9037091968278945
Romania,Europe,1977,69.46,21658597,9356.39724,202.6464371930723,3.9711086521578145
Romania,Europe,1982,69.66,22356726,9605.314053,214.74337442687047,3.982511569016056
Romania,Europe,1987,69.53,22686371,9696.273295,219.97325328776245,3.9866048478327034
Romania,Europe,1992,69.36,22797027,6598.409903,150.42412871575837,3.8194392910640556
Romania,Europe,1997,69.72,22562458,7346.547557,165.7561706998151,3.866083294295342
Romania,Europe,2002,71.322,22404337,7885.360081,176.6662646210713,3.8968215299567097
Romania,Europe,2007,72.476,22276056,10808.47561,240.77020796299414,4.033764446881286
Rwanda,Africa,1952,40.0,2534927,493.3238752,1.2505400109891103,2.6931321343486228
Rwanda,Africa,1957,41.5,2822082,540.2893983,1.5247409857332606,2.7326264457827985
Rwanda,Africa,1962,43.0,3051242,597.4730727,1.8230349332912934,2.776318336998713
Rwanda,Africa,1967,44.1,3451079,510.9637142,1.7633761438376219,2.7083900600520385
Rwanda,Africa,1972,44.6,3992121,590.5806638,2.35766947014992,2.7712792236273116
Rwanda,Africa,1977,45.0,4657072,670.0806011,3.1206136051259787,2.826127045249489
Rwanda,Africa,1982,46.218,5507565,881.5706467,4.8553076387922856,2.9452571212213607
Rwanda,Africa,1987,44.02,6349365,847.991217,5.384205753527206,2.9283913541102655
Rwanda,Africa,1992,23.599,7290203,737.0685949,5.373379681745765,2.867507907126759
Rwanda,Africa,1997,36.087,7212583,589.9445051,4.255023708427673,2.7708111603499734
Rwanda,Africa,2002,43.413,7852401,785.6537648,6.169268408369285,2.8952311959563284
Rwanda,Africa,2007,46.242,8860588,863.0884639,7.647471286170773,2.936055311838751
Sao Tome and Principe,Africa,1952,46.471,60011,879.5835855,0.0527846905494405,2.9442771161033847
Sao Tome and Principe,Africa,1957,48.945,61325,860.7369026,0.052784690551945,2.9348704229865588
Sao Tome and Principe,Africa,1962,51.893,65345,1071.551119,0.07002050787105499,3.030012894155321
Sao Tome and Principe,Africa,1967,54.425,70787,1384.840593,0.09802871105669099,3.1413997852670503
Sao Tome and Principe,Africa,1972,56.48,76595,1532.985254,0.11741900553013,3.185537977334981
Sao Tome and Principe,Africa,1977,58.55,86796,1737.561657,0.15081340158097198,3.239940224381445
Sao Tome and Principe,Africa,1982,60.351,98593,1890.218117,0.18636227480938097,3.276511921392242
Sao Tome and Principe,Africa,1987,61.728,110812,1516.525457,0.168049218941084,3.180849704947923
Sao Tome and Principe,Africa,1992,62.742,125911,1428.777814,0.179898843338554,3.154964697890928
Sao Tome and Principe,Africa,1997,63.306,145608,1339.076036,0.194980183449888,3.126805238011018
Sao Tome and Principe,Africa,2002,64.337,170372,1353.09239,0.23052905666908,3.1313274515106237
Sao Tome and Principe,Africa,2007,65.528,199579,1598.435089,0.319014076627531,3.2036950046605677
Saudi Arabia,Asia,1952,39.875,4005677,6459.554823,25.87489018473017,3.810202588494061
Saudi Arabia,Asia,1957,42.868,4419650,8157.591248,36.053698159223195,3.911561940355254
Saudi Arabia,Asia,1962,45.914,4943029,11626.41975,57.46972999042274,4.065445998288185
Saudi Arabia,Asia,1967,49.901,5618198,16903.04886,94.96467529915428,4.22796504684151
Saudi Arabia,Asia,1972,53.886,6472756,24837.42865,160.7666153188594,4.395106632530321
Saudi Arabia,Asia,1977,58.69,8128505,34167.7626,277.732829132913,4.533616540920869
Saudi Arabia,Asia,1982,63.012,11254672,33693.17525,379.205636077268,4.527541940888313
Saudi Arabia,Asia,1987,66.295,14619745,21198.26136,309.91317552655323,4.326300242404113
Saudi Arabia,Asia,1992,68.768,16945857,24841.61777,420.9625023790789,4.395179875148102
Saudi Arabia,Asia,1997,70.533,21229759,20586.69019,437.05047134136424,4.3135865288538735
Saudi Arabia,Asia,2002,71.626,24501530,19014.54118,465.88535115800545,4.279085850368255
Saudi Arabia,Asia,2007,72.777,27601038,21654.83194,597.6958392595537,4.335554817582654
Senegal,Africa,1952,37.278,2755589,1450.356983,3.9965877484279866,3.161474910280243
Senegal,Africa,1957,39.329,3054547,1567.653006,4.788469786518282,3.1952499395624567
Senegal,Africa,1962,41.454,3430243,1654.988723,5.677013482149689,3.218795038863666
Senegal,Africa,1967,43.563,3965841,1612.404632,6.394540398175512,3.2074740370927417
Senegal,Africa,1972,45.815,4588696,1597.712056,7.331414920518976,3.2034985123007074
Senegal,Africa,1977,48.879,5260855,1561.769116,8.21624086275418,3.19361683040004
Senegal,Africa,1982,52.379,6147783,1518.479984,9.335285431475471,3.1814090715946577
Senegal,Africa,1987,55.769,7171347,1441.72072,10.339079560209841,3.15888114005758
Senegal,Africa,1992,58.196,8307920,1367.899369,11.36439852570248,3.1360541492148606
Senegal,Africa,1997,60.187,9535314,1392.368347,13.27666939230596,3.143754141817445
Senegal,Africa,2002,61.6,10870037,1519.635262,16.518491524444695,3.1817393624783286
Senegal,Africa,2007,63.062,12267493,1712.472136,21.00773994107505,3.2336235137236495
Serbia,Europe,1952,57.996,6860147,3581.459448,24.569338287818855,3.554060038110993
Serbia,Europe,1957,61.685,7271135,4981.090891,36.218184315731285,3.6973244664662945
Serbia,Europe,1962,64.531,7616060,6289.629157,47.90219303746142,3.7986250397510806
Serbia,Europe,1967,66.914,7971222,7991.707066,63.70367118205465,3.9026395565553464
Serbia,Europe,1972,68.7,8313288,10522.06749,87.4729773998071,4.022101083095105
Serbia,Europe,1977,70.3,8686367,12980.66956,112.75485970388851,4.11329709452241
Serbia,Europe,1982,70.162,9032824,15181.0927,137.1281384867848,4.181303032198548
Serbia,Europe,1987,71.218,9230783,15870.87851,146.50063554517334,4.200600967176116
Serbia,Europe,1992,71.659,9826397,9325.068238,91.63182255867848,3.969652018526669
Serbia,Europe,1997,72.232,10336594,7914.320304,81.80711576840457,3.8984136228120887
Serbia,Europe,2002,73.213,10111559,7236.075251,73.16800182892632,3.8595030746228405
Serbia,Europe,2007,74.002,10150265,9786.534714,99.3359207787992,3.9906289409349966
Sierra Leone,Africa,1952,30.331,2143249,879.7877358,1.885604184965614,2.94437790363822
Sierra Leone,Africa,1957,31.57,2295678,1004.484437,2.305972823363286,3.0019432123860286
Sierra Leone,Africa,1962,32.767,2467895,1116.639877,2.755749969248915,3.0479131331434792
Sierra Leone,Africa,1967,34.113,2662190,1206.043465,3.21071685208835,3.081362959768893
Sierra Leone,Africa,1972,35.4,2879013,1353.759762,3.8974919536749058,3.131541601354482
Sierra Leone,Africa,1977,36.788,3140897,1348.285159,4.234824811047623,3.129781754130309
Sierra Leone,Africa,1982,38.445,3464522,1465.010784,5.075562091405248,3.1658408215600637
Sierra Leone,Africa,1987,40.006,3868905,1294.447788,5.00809551923214,3.112084537705775
Sierra Leone,Africa,1992,38.333,4260884,1068.696278,4.553590871789752,3.0288542968547683
Sierra Leone,Africa,1997,39.897,4578212,574.6481576,2.630861090902211,2.759402018633928
Sierra Leone,Africa,2002,41.012,5359092,699.489713,3.7486297250205967,2.84478133195124
Sierra Leone,Africa,2007,42.568,6144562,862.5407561,5.299935153383328,2.9357796251727324
Singapore,Asia,1952,60.396,1127000,2315.138227,2.609160781829,3.364576925993804
Singapore,Asia,1957,63.179,1445929,2843.104409,4.110927115000961,3.453792808835693
Singapore,Asia,1962,65.798,1750200,3674.735572,6.4315221981144,3.565226093419398
Singapore,Asia,1967,67.946,1977600,4977.41854,9.843342904703999,3.697004161131795
Singapore,Asia,1972,69.521,2152400,8597.756202,18.5058104491848,3.9343851260999863
Singapore,Asia,1977,70.795,2325300,11210.08948,26.066821067844003,4.049609079188652
Singapore,Asia,1982,71.76,2651869,15169.16112,40.226628130133285,4.180961564239033
Singapore,Asia,1987,73.56,2794552,18861.53081,52.70952864814712,4.275576937359766
Singapore,Asia,1992,75.788,3235865,24769.8912,80.152023987888,4.393924098982147
Singapore,Asia,1997,77.158,3802309,33519.4766,127.4514075514694,4.5252972285887125
Singapore,Asia,2002,78.77,4197776,36023.1054,151.2169272935904,4.556581148793103
Singapore,Asia,2007,79.972,4553009,47143.17964,214.64332118953678,4.673418870796217
Slovak Republic,Europe,1952,64.36,3558137,5074.659104,18.05633232032925,3.705406873339087
Slovak Republic,Europe,1957,67.45,3844277,6093.26298,23.424190728965463,3.7848499223060212
Slovak Republic,Europe,1962,70.33,4237384,7481.107598,31.70032563804363,3.8739659010849676
Slovak Republic,Europe,1967,70.98,4442238,8412.902397,37.37211471824448,3.9249458504406074
Slovak Republic,Europe,1972,70.35,4593433,9674.167626,44.437640820800056,3.985613608214326
Slovak Republic,Europe,1977,70.45,4827803,10922.66404,52.732470220304116,4.03832857580155
Slovak Republic,Europe,1982,70.8,5048043,11348.54585,57.28794743827155,4.054940216614626
Slovak Republic,Europe,1987,71.08,5199318,12037.26758,62.58558199951044,4.080527914695585
Slovak Republic,Europe,1992,71.38,5302888,9498.467723,50.36931050668402,3.977653551276388
Slovak Republic,Europe,1997,72.71,5383010,12126.23065,65.2756208512565,4.083725824584218
Slovak Republic,Europe,2002,73.8,5410052,13638.77837,73.78650019817525,4.134775472158593
Slovak Republic,Europe,2007,74.663,5447502,18678.31435,101.7501547782537,4.271337680163577
Slovenia,Europe,1952,65.57,1489518,4215.041741,6.278380543970838,3.62480187974278
Slovenia,Europe,1957,67.85,1533070,5862.276629,8.98728043162103,3.76806630806585
Slovenia,Europe,1962,69.15,1582962,7402.303395,11.717564986755988,3.869366881363531
Slovenia,Europe,1967,69.18,1646912,9405.489397,15.490013353792063,3.973381398173143
Slovenia,Europe,1972,69.82,1694510,12383.4862,20.983941200761997,4.092842924513408
Slovenia,Europe,1977,70.97,1746919,15277.03017,26.68773426754623,4.184038936298656
Slovenia,Europe,1982,71.063,1861252,17866.72175,33.254471590631,4.252044873910655
Slovenia,Europe,1987,72.25,1945870,18678.53492,36.3460007447804,4.271342808665351
Slovenia,Europe,1992,73.64,1999210,14214.71681,28.418203993720102,4.152738211963188
Slovenia,Europe,1997,75.13,2011612,17161.10735,34.5214894785482,4.23454530801608
Slovenia,Europe,2002,76.66,2011497,20660.01936,41.557566962581916,4.315130724150554
Slovenia,Europe,2007,77.926,2009245,25768.25759,51.77474272141956,4.411085053217892
Somalia,Africa,1952,32.978,2526994,1135.749842,2.8700330362349478,3.0552826850697294
Somalia,Africa,1957,34.977,2780415,1258.147413,3.4981719393163946,3.0997315289484946
Somalia,Africa,1962,36.981,3080153,1369.488336,4.218233606595407,3.136558337698115
Somalia,Africa,1967,38.977,3428839,1284.73318,4.40514323217802,3.108812940518718
Somalia,Africa,1972,40.973,3840161,1254.576127,4.8177743144364475,3.098497019204177
Somalia,Africa,1977,41.974,4353666,1450.992513,6.317136770102658,3.161665171520317
Somalia,Africa,1982,42.955,5828892,1176.807031,6.859481088539652,3.070705254481014
Somalia,Africa,1987,44.501,6921858,1093.244963,7.567286393101255,3.038717485059799
Somalia,Africa,1992,39.658,6099799,926.9602964,5.654271489020423,2.967061132824471
Somalia,Africa,1997,43.795,6633514,930.5964284,6.173124436141397,2.9687613813918023
Somalia,Africa,2002,45.936,7753310,882.0818218,6.839053809780157,2.9455088721024416
Somalia,Africa,2007,48.159,9118773,926.1410683,8.445270167805196,2.9666771427490164
South Africa,Africa,1952,45.009,14264935,4725.295531,67.40603360550548,3.6744289754841963
South Africa,Africa,1957,47.985,16151549,5487.104219,88.62523266128524,3.7393432090218073
South Africa,Africa,1962,49.951,18356657,5768.729717,105.89459274067607,3.7610801913822582
South Africa,Africa,1967,51.927,20997321,7114.477971,149.38497770451568,3.8521430389766578
South Africa,Africa,1972,53.696,23935810,7765.962636,185.88460612239518,3.890195296715043
South Africa,Africa,1977,55.527,27129932,8028.651439,217.81676759177216,3.904642603586857
South Africa,Africa,1982,58.161,31140029,8568.266228,266.8160588196406,3.932892952169627
South Africa,Africa,1987,60.834,35933379,7825.823398,281.20827814740187,3.893530043137945
South Africa,Africa,1992,61.888,39964159,7225.069258,288.74381661272406,3.858842014504442
South Africa,Africa,1997,60.236,42835005,7479.188244,320.3710658276812,3.8738544641368757
South Africa,Africa,2002,53.365,44433622,7710.946444,342.62527955494016,3.887107686764354
South Africa,Africa,2007,49.339,43997828,9269.657808,407.844809855241,3.9670637023386344
Spain,Europe,1952,64.94,28549870,3834.034742,109.46119345958354,3.5836560439073355
Spain,Europe,1957,66.66,29841614,4564.80241,136.22107150548973,3.659421983600029
Spain,Europe,1962,69.69,31158061,5693.843879,177.40913490635862,3.7554055549397827
Spain,Europe,1967,71.44,32850275,7993.512294,262.58907707378086,3.9027376472408295
Spain,Europe,1972,73.06,34513161,10638.75131,367.1769368009909,4.026890657000318
Spain,Europe,1977,74.39,36439000,13236.92117,482.34017051363,4.12178698250771
Spain,Europe,1982,76.3,37983310,13926.16997,528.9620310832007,4.143831691470225
Spain,Europe,1987,76.9,38880702,15764.98313,612.9536111125573,4.197693510348635
Spain,Europe,1992,77.57,39549438,18603.06452,735.7407468437398,4.269584492309229
Spain,Europe,1997,78.77,39855442,20445.29896,814.8564268729403,4.310593465378447
Spain,Europe,2002,79.78,40152517,24835.47166,997.2066980311682,4.395072412263202
Spain,Europe,2007,80.941,40448191,28821.0637,1165.7598893607667,4.459710005295303
Sri Lanka,Asia,1952,57.593,7982342,1083.53203,8.649123231414261,3.0348417539083994
Sri Lanka,Asia,1957,61.456,9128546,1072.546602,9.790790993500691,3.0304161713012827
Sri Lanka,Asia,1962,62.192,10421936,1074.47196,11.19807800091456,3.03119508639222
Sri Lanka,Asia,1967,64.266,11737396,1135.514326,13.327981307935097,3.0551926177838475
Sri Lanka,Asia,1972,65.042,13016733,1213.39553,15.79444563740349,3.084002390723482
Sri Lanka,Asia,1977,65.949,14116836,1348.775651,19.040444665960237,3.1299397171770273
Sri Lanka,Asia,1982,68.757,15410151,1648.079789,25.397158408538136,3.2169782335040558
Sri Lanka,Asia,1987,69.011,16495304,1876.766827,30.95783934848041,3.27341031841906
Sri Lanka,Asia,1992,70.379,17587060,2153.739222,37.87794092166732,3.3331931171130145
Sri Lanka,Asia,1997,70.457,18698655,2664.477257,49.822140983989335,3.4256120176144402
Sri Lanka,Asia,2002,70.815,19576783,3015.378833,59.031417076434245,3.479341881897758
Sri Lanka,Asia,2007,72.396,20378239,3970.095407,80.90355305664826,3.5988009435983197
Sudan,Africa,1952,38.635,8504667,1615.991129,13.743466427099042,3.208438972381065
Sudan,Africa,1957,39.624,9753392,1770.337074,17.266791454855007,3.2480559643510523
Sudan,Africa,1962,40.87,11183227,1959.593767,21.91458192414611,3.292166049399413
Sudan,Africa,1967,42.858,12716129,1687.997641,21.46479575465169,3.227371835357528
Sudan,Africa,1972,45.083,14597019,1659.652775,24.225983090077726,3.220017236428607
Sudan,Africa,1977,47.8,17104986,2202.988423,37.68208613357707,3.343012214880941
Sudan,Africa,1982,50.338,20367053,1895.544073,38.60664659862687,3.2777338865932
Sudan,Africa,1987,51.744,24725960,1507.819159,37.28227621266764,3.178349257344117
Sudan,Africa,1992,53.556,28227588,1492.197043,42.12112334462228,3.1738261750383434
Sudan,Africa,1997,55.373,32160729,1632.210764,52.49308805188696,3.2127762375870548
Sudan,Africa,2002,56.369,37090298,1993.398314,73.93573749895758,3.2995940866023554
Sudan,Africa,2007,58.556,42292929,2602.394995,110.06290675349035,3.4153732150271123
Swaziland,Africa,1952,41.407,290243,1148.376626,0.333308277060118,3.060084344306419
Swaziland,Africa,1957,43.424,326741,1244.708364,0.406697255561724,3.0950676078637653
Swaziland,Africa,1962,44.992,370006,1856.182125,0.68679852334275,3.268620586108071
Swaziland,Africa,1967,46.633,420690,2613.101665,1.0993057394488501,3.4171563066617288
Swaziland,Africa,1972,49.552,480105,3364.836625,1.6154748878456249,3.526963982502503
Swaziland,Africa,1977,52.537,551425,3781.410618,2.08516435003065,3.5776538393432196
Swaziland,Africa,1982,55.561,649901,3895.384018,2.531613968682218,3.590550278100345
Swaziland,Africa,1987,57.678,779348,3984.839812,3.105576937802576,3.6004108677239106
Swaziland,Africa,1992,58.474,962344,3553.0224,3.4192297885056,3.550597945503887
Swaziland,Africa,1997,54.289,1054486,3876.76846,4.08799806631156,3.5884698635434105
Swaziland,Africa,2002,43.869,1130269,4128.116943,4.665882609047666,3.6157519916666896
Swaziland,Africa,2007,39.613,1133066,4513.480643,5.114071458241438,3.654511584237589
Sweden,Europe,1952,71.86,7124673,8527.844662,60.75810461154553,3.930839280912017
Sweden,Europe,1957,72.49,7363802,9911.878226,72.98910870437525,3.9961559578049415
Sweden,Europe,1962,73.37,7561588,12329.44192,93.23016006896894,4.090943419130223
Sweden,Europe,1967,74.16,7867931,15258.29697,120.05122773746908,4.183506063251527
Sweden,Europe,1972,74.72,8122293,17832.02464,144.83692890929953,4.251200655573608
Sweden,Europe,1977,75.44,8251648,18855.72521,155.59080721764607,4.275443240461841
Sweden,Europe,1982,76.42,8325260,20667.38125,172.061322425375,4.315285450951175
Sweden,Europe,1987,77.19,8421403,23586.92927,198.6350369151658,4.372671404730448
Sweden,Europe,1992,78.16,8718867,23880.01683,208.20669069853162,4.378034628536626
Sweden,Europe,1997,79.39,8897619,25266.59499,224.81253564832883,4.402546718900849
Sweden,Europe,2002,80.04,8954175,29341.63093,262.73009813263275,4.467484250073514
Sweden,Europe,2007,80.884,9031088,33859.74835,305.79036700670486,4.529683726052523
Switzerland,Europe,1952,69.62,4815000,14734.23275,70.94533069125,4.168327525926242
Switzerland,Europe,1957,70.56,5126000,17909.48973,91.80404435598001,4.2530832122810684
Switzerland,Europe,1962,71.32,5666000,20431.0927,115.76257123820001,4.310291594282475
Switzerland,Europe,1967,72.77,6063000,22966.14432,139.24373301216,4.36108808961809
Switzerland,Europe,1972,73.78,6401400,27195.11304,174.086796614256,4.434490868356051
Switzerland,Europe,1977,75.39,6316424,26982.29052,170.43158741550045,4.431078814052454
Switzerland,Europe,1982,76.21,6468126,28397.71512,183.67999950826513,4.453283398121143
Switzerland,Europe,1987,77.41,6649942,30281.70459,201.3715791846338,4.481180318423627
Switzerland,Europe,1992,78.03,6995447,31871.5303,222.9556010225441,4.503402916466833
Switzerland,Europe,1997,79.37,7193761,32135.32301,231.1738333917406,4.50698266960368
Switzerland,Europe,2002,80.62,7361757,34480.95771,253.84043178829648,4.53757931986706
Switzerland,Europe,2007,81.701,7554661,37506.41907,283.3482813977853,4.574105601810623
Syria,Asia,1952,45.883,3661549,1643.485354,6.017702154453345,3.2157658381984016
Syria,Asia,1957,48.284,4149908,2117.234893,8.786330020339843,3.325769042750028
Syria,Asia,1962,50.305,4834621,2193.037133,10.602503376981593,3.341045985312026
Syria,Asia,1967,53.655,5680812,1881.923632,10.690854351749184,3.2746019958851154
Syria,Asia,1972,57.296,6701172,2571.423014,17.231547901572405,3.4101735264811497
Syria,Asia,1977,61.195,7932503,3195.484582,25.348191033168746,3.504536726447718
Syria,Asia,1982,64.59,9410494,3761.837715,35.40075124598121,3.5754000562329113
Syria,Asia,1987,66.974,11242847,3116.774285,35.0414164197894,3.4937053520591888
Syria,Asia,1992,69.249,13219062,3340.542768,44.158841963843614,3.5238170362715793
Syria,Asia,1997,71.527,15081016,4014.238972,60.538802164555555,3.6036032229426165
Syria,Asia,2002,73.053,17155814,4090.925331,70.18315406652442,3.6118215526759307
Syria,Asia,2007,74.143,19314747,4184.548089,80.82348764836848,3.6216485631534296
Taiwan,Asia,1952,58.5,8550362,1206.947913,10.319841571294505,3.08168852810498
Taiwan,Asia,1957,62.4,10164215,1507.86129,15.32622634173735,3.178361392091898
Taiwan,Asia,1962,65.2,11918938,1822.879028,21.726782116232265,3.2607578484600763
Taiwan,Asia,1967,67.5,13648692,2643.858681,36.08521282849525,3.4222382376130973
Taiwan,Asia,1972,69.39,15226039,4062.523897,61.856147294153985,3.608795928646552
Taiwan,Asia,1977,70.59,16785196,5596.519826,93.9386821972959,3.7479180466129307
Taiwan,Asia,1982,72.16,18501390,7426.354774,137.39788595213585,3.8707756926291883
Taiwan,Asia,1987,73.4,19757799,11054.56175,218.41380908958826,4.043541529969515
Taiwan,Asia,1992,74.26,20686918,15215.6579,314.76506729335216,4.182290735278641
Taiwan,Asia,1997,75.25,21628605,20206.82098,437.0453492821329,4.305497993899202
Taiwan,Asia,2002,76.99,22454239,23235.42329,521.7337478198262,4.366150588621935
Taiwan,Asia,2007,78.4,23174294,28718.27684,665.5257906635509,4.458158377724491
Tanzania,Africa,1952,41.215,8322925,716.6500721,5.964624801332892,2.8553071488998873
Tanzania,Africa,1957,42.974,9452826,698.5356073,6.6031355506112295,2.8441885488321117
Tanzania,Africa,1962,44.246,10863958,722.0038073,7.843819038347293,2.858539487715098
Tanzania,Africa,1967,45.757,12607312,848.2186575,10.69375725932364,2.9285078210123725
Tanzania,Africa,1972,47.62,14706593,915.9850592,13.471019459735306,2.9618883898688173
Tanzania,Africa,1977,49.919,17129565,962.4922932,16.48707429836846,2.983397260742499
Tanzania,Africa,1982,50.608,19844382,874.2426069,17.348804251999436,2.9416319683520458
Tanzania,Africa,1987,51.535,23040630,831.8220794,19.165704757286022,2.9200304438412745
Tanzania,Africa,1992,50.44,26605473,825.682454,21.96767223647074,2.9168130558058625
Tanzania,Africa,1997,48.466,30686889,789.1862231,24.21767002859894,2.8971794951256777
Tanzania,Africa,2002,49.651,34593779,899.0742111,31.102374563392747,2.9537955406109284
Tanzania,Africa,2007,52.517,38139640,1107.482182,42.23897172789448,3.0443367476975203
Thailand,Asia,1952,50.848,21289402,757.7974177,16.133053859977213,2.8795531210227017
Thailand,Asia,1957,53.63,25041917,793.5774148,19.872699754496175,2.8995892993082846
Thailand,Asia,1962,56.061,29263397,1002.199172,29.32775224330728,3.000954039599853
Thailand,Asia,1967,58.285,34024249,1295.46066,44.07707606554434,3.112424229051421
Thailand,Asia,1972,60.405,39276153,1524.358936,59.87095479725321,3.1830872409996234
Thailand,Asia,1977,62.494,44148285,1961.224635,86.58470413500098,3.2925273397940913
Thailand,Asia,1982,64.597,48827160,2393.219781,116.85412516205196,3.378982583817194
Thailand,Asia,1987,66.084,52910342,2982.653773,157.81323119702034,3.4746028433042633
Thailand,Asia,1992,67.298,56667095,4616.896545,261.6261151206868,3.6643501430287206
Thailand,Asia,1997,67.521,60216677,5852.625497,352.4256591548135,3.767350734982117
Thailand,Asia,2002,68.564,62806748,5913.187529,371.3880790106457,3.771821652298354
Thailand,Asia,2007,70.616,65068149,7458.396327,485.30404350628874,3.872645457337958
Togo,Africa,1952,38.596,1219113,859.8086567,1.048203910895507,2.934401813353814
Togo,Africa,1957,41.208,1357445,925.9083202,1.256869619713889,2.966567986679353
Togo,Africa,1962,43.922,1528098,1067.53481,1.63129780809138,3.028382045331191
Togo,Africa,1967,46.769,1735550,1477.59676,2.564443056818,3.1695559301340905
Togo,Africa,1972,49.759,2056351,1649.660188,3.3922803772539885,3.2173944935016525
Togo,Africa,1977,52.887,2308582,1532.776998,3.538541387596836,3.1854789744349987
Togo,Africa,1982,55.471,2644765,1344.577953,3.556092709866045,3.128585985864903
Togo,Africa,1987,56.941,3154264,1202.201361,3.7920604737533035,3.0799772152932663
Togo,Africa,1992,58.061,3747553,1034.298904,3.876089960581912,3.0146460644819584
Togo,Africa,1997,58.39,4320890,982.2869243,4.244353748338627,2.992238362979732
Togo,Africa,2002,57.561,4977378,886.2205765,4.411054800618417,2.9475418293749702
Togo,Africa,2007,58.42,5701579,882.9699438,5.034322889201261,2.945945920492665
Trinidad and Tobago,Americas,1952,59.1,662850,3023.271928,2.0039757974748,3.4804772115240326
Trinidad and Tobago,Americas,1957,61.8,764900,4100.3934,3.13639091166,3.6128255258058335
Trinidad and Tobago,Americas,1962,64.9,887498,4997.523971,4.435292529214558,3.698754885921332
Trinidad and Tobago,Americas,1967,65.4,960155,5621.368472,5.39738504523316,3.7498420535568613
Trinidad and Tobago,Americas,1972,65.9,975199,6619.551419,6.4553799242573815,3.8208285600055905
Trinidad and Tobago,Americas,1977,68.3,1039009,7899.554209,8.207707919138882,3.8976025836911923
Trinidad and Tobago,Americas,1982,68.832,1116479,9119.528607,10.181762179614754,3.9599723900093653
Trinidad and Tobago,Americas,1987,69.582,1191336,7388.597823,8.802302576061527,3.8685620276353108
Trinidad and Tobago,Americas,1992,69.862,1183669,7370.990932,8.724813465489508,3.8675258769188066
Trinidad and Tobago,Americas,1997,69.465,1138101,8792.573126,10.006836267273725,3.944115988940782
Trinidad and Tobago,Americas,2002,68.976,1101832,11460.60023,12.627656072621361,4.059207363682899
Trinidad and Tobago,Americas,2007,69.819,1056608,18008.50924,19.027934931057917,4.255477763033944
Tunisia,Africa,1952,44.6,3647735,1468.475631,5.356609955845785,3.166866743906117
Tunisia,Africa,1957,47.1,3950849,1395.232468,5.512352800965332,3.1446465740314187
Tunisia,Africa,1962,49.579,4286552,1660.30321,7.11697604543192,3.220187407561132
Tunisia,Africa,1967,52.053,4786986,1932.360167,9.250181066386661,3.286088076511441
Tunisia,Africa,1972,55.602,5303507,2753.285994,14.602071542180958,3.4398513255106518
Tunisia,Africa,1977,59.837,6005061,3120.876811,18.74105562354047,3.4942766262882694
Tunisia,Africa,1982,64.048,6734098,3560.233174,23.97495909656705,3.5514784425979555
Tunisia,Africa,1987,66.894,7724976,3810.419296,29.435397611536896,3.58097276778054
Tunisia,Africa,1992,70.001,8523077,4332.720164,36.92810757722463,3.6367606403025023
Tunisia,Africa,1997,71.973,9231669,4876.798614,45.02099058410676,3.6881348218957815
Tunisia,Africa,2002,73.042,9770575,5722.895655,55.91598121435163,3.7576158275315175
Tunisia,Africa,2007,73.923,10276158,7092.923025,72.88799768673795,3.8508252467512323
Turkey,Europe,1952,43.585,22235677,1969.10098,43.78429337166346,3.2942679883231207
Turkey,Europe,1957,48.079,25670939,2218.754257,56.95750518743733,3.3461092036565603
Turkey,Europe,1962,52.098,29788695,2322.869908,69.19526321409006,3.3660248878803913
Turkey,Europe,1967,54.336,33411317,2826.356387,94.43228920103168,3.4512269229580035
Turkey,Europe,1972,57.005,37492953,3450.69638,129.37679719261013,3.5379067482536724
Turkey,Europe,1977,59.507,42404033,4269.122326,181.02800399274076,3.6303385991107318
Turkey,Europe,1982,61.036,47328791,4241.356344,200.7382679617001,3.6275047619036034
Turkey,Europe,1987,63.108,52881328,5089.043686,269.115388365695,3.706636179013853
Turkey,Europe,1992,66.146,58179144,5678.348271,330.36144174066004,3.7542220256563805
Turkey,Europe,1997,68.835,63047647,6601.429915,416.20462297615995,3.819638016895255
Turkey,Europe,2002,70.845,67308928,6508.085718,438.0522730106903,3.813453264395313
Turkey,Europe,2007,71.777,71158647,8458.276384,601.8795034374925,3.927281872119107
Uganda,Africa,1952,39.978,5824797,734.753484,4.279789889342748,2.866141654055147
Uganda,Africa,1957,42.571,6675501,774.3710692,5.169314846815669,2.888949119195093
Uganda,Africa,1962,45.344,7688797,767.2717398,5.89939665115902,2.8849492025341887
Uganda,Africa,1967,48.051,8900294,908.9185217,8.08964206517538,2.9585249534507088
Uganda,Africa,1972,51.016,10190285,950.735869,9.688269464832665,2.9780598791155093
Uganda,Africa,1977,50.35,11457758,843.7331372,9.667290102618397,2.926205106142285
Uganda,Africa,1982,49.849,12939400,682.2662268,8.82811561505592,2.8339538735847247
Uganda,Africa,1987,51.509,15283050,617.7244065,9.440712990759824,2.790794760798391
Uganda,Africa,1992,48.825,18252190,644.1707969,11.75752777747021,2.8090010324478722
Uganda,Africa,1997,44.578,21210254,816.559081,17.319425514016576,2.9119876129845284
Uganda,Africa,2002,47.813,24739869,927.7210018,22.951696053080767,2.9674173882915644
Uganda,Africa,2007,51.542,29170398,1056.380121,30.815028568858153,3.0238202200422353
United Kingdom,Europe,1952,69.18,50430000,9979.508487,503.26661299941,3.9991091518444533
United Kingdom,Europe,1957,70.42,51430000,11283.17795,580.2938419685,4.05243143756984
United Kingdom,Europe,1962,70.76,53292000,12477.17707,664.9337204144399,4.096116338423399
United Kingdom,Europe,1967,71.36,54959000,14142.85089,777.27694206351,4.150536962572448
United Kingdom,Europe,1972,72.01,56079000,15895.11641,891.38223315639,4.201263712875863
United Kingdom,Europe,1977,72.76,56179000,17428.74846,979.12965973434,4.241266202002086
United Kingdom,Europe,1982,74.04,56339704,18232.42452,1027.2094006591421,4.2608444243129
United Kingdom,Europe,1987,75.007,56981620,21664.78767,1234.4946983926254,4.3357544370030165
United Kingdom,Europe,1992,76.42,57866349,22705.09254,1313.8608089969366,4.356123276310954
United Kingdom,Europe,1997,77.218,58808266,26074.53136,1533.3979760442219,4.416216511553219
United Kingdom,Europe,2002,78.471,59912431,29478.99919,1766.158504919931,4.4695127351694275
United Kingdom,Europe,2007,79.425,60776238,33203.26128,2017.9693099294645,4.521180742931363
United States,Americas,1952,68.44,157553000,13990.48208,2204.2424231502396,4.14583267954377
United States,Americas,1957,69.49,171984000,14847.12712,2553.46831060608,4.171642426943845
United States,Americas,1962,70.21,186538000,16173.14586,3016.90628243268,4.20879450331745
United States,Americas,1967,70.76,198712000,19530.36557,3880.9180031458404,4.290710372501774
United States,Americas,1972,71.34,209896000,21806.03594,4576.99971966224,4.338576723540454
United States,Americas,1977,73.38,220239000,24072.63213,5301.7324276790705,4.38152357914239
United States,Americas,1982,74.65,232187835,25009.55914,5806.9153910210625,4.398106036202601
United States,Americas,1987,75.02,242803533,29884.35041,7256.025860957998,4.4754438201021545
United States,Americas,1992,76.09,256894189,32003.93224,8221.624217605753,4.5052033422329
United States,Americas,1997,76.81,272911760,35767.43303,9761.353098899433,4.553487772664774
United States,Americas,2002,77.31,287675526,39097.09955,11247.278678120614,4.592144540102953
United States,Americas,2007,78.242,301139947,42951.65309,12934.458535084987,4.632979883279004
Uruguay,Americas,1952,66.071,2252965,5716.766744,12.87967538739596,3.7571504724556046
Uruguay,Americas,1957,67.044,2424959,6150.772969,14.91537226813327,3.788929697088749
Uruguay,Americas,1962,68.253,2598466,5603.357717,14.560134513462122,3.7484483486071687
Uruguay,Americas,1967,68.468,2748579,5444.61962,14.964967150519982,3.7359675438336657
Uruguay,Americas,1972,68.673,2829526,5703.408898,16.137943765522348,3.7561345088425413
Uruguay,Americas,1977,69.481,2873520,6504.339663,18.69035010842376,3.813203212462224
Uruguay,Americas,1982,70.805,2953997,6920.223051,20.442318131984848,3.840120092759839
Uruguay,Americas,1987,71.918,3045153,7452.398969,22.693695077647256,3.872296097082633
Uruguay,Americas,1992,72.752,3149262,8137.004775,25.625559931726052,3.910464570850664
Uruguay,Americas,1997,74.223,3262838,9230.240708,30.1167801312093,3.965213026788973
Uruguay,Americas,2002,75.307,3363085,7727.002004,25.986564534622342,3.8880110248794315
Uruguay,Americas,2007,76.384,3447496,10611.46299,36.582976212173044,4.025775263701841
Venezuela,Americas,1952,55.088,5439568,7689.799761,41.829188706343245,3.8859150311115758
Venezuela,Americas,1957,57.907,6702668,9802.466526,65.70267870489137,3.9913353679221744
Venezuela,Americas,1962,60.77,8143375,8422.974165,68.59143724090687,3.92546546862278
Venezuela,Americas,1967,63.479,9709552,9541.474188,92.64343978504378,3.9796154797619803
Venezuela,Americas,1972,65.712,11515649,10505.25966,120.97488289841934,4.0214067913932325
Venezuela,Americas,1977,67.456,13503563,13143.95095,177.49016972223487,4.11872592974958
Venezuela,Americas,1982,68.557,15620766,11152.41011,174.20918866434428,4.047368731452923
Venezuela,Americas,1987,70.19,17910182,9883.584648,177.01679985808593,3.9949144861359622
Venezuela,Americas,1992,71.15,20265563,10733.92631,217.52905987266254,4.030758609465063
Venezuela,Americas,1997,72.146,22374398,10165.49518,227.44683502440165,4.007128538773726
Venezuela,Americas,2002,72.766,24287670,8605.047831,208.99656205354376,3.934753288688173
Venezuela,Americas,2007,73.747,26084662,11415.80569,297.7774328813268,4.057506567983346
Vietnam,Asia,1952,40.412,26246839,605.0664917,15.881082791944737,2.781803102572595
Vietnam,Asia,1957,42.887,28998543,676.2854478,19.611292638302555,2.8301300424480327
Vietnam,Asia,1962,45.363,33796140,772.0491602,26.092281505001626,2.8876449549003014
Vietnam,Asia,1967,47.838,39463910,637.1232887,25.143376124160817,2.8042234800923187
Vietnam,Asia,1972,50.254,44655014,699.5016441,31.236255710308516,2.844788739589417
Vietnam,Asia,1977,55.764,50533506,713.5371196,36.05753231452932,2.8534165708888217
Vietnam,Asia,1982,58.816,56142181,707.2357863,39.70575952413192,2.8495642279657094
Vietnam,Asia,1987,62.82,62826491,820.7994449,51.56794893781485,2.9142370540580087
Vietnam,Asia,1992,67.662,69940728,989.0231487,69.17299902893025,2.9952064566477556
Vietnam,Asia,1997,70.672,76048996,1385.896769,105.39605784209392,3.14173088227915
Vietnam,Asia,2002,73.017,80908147,1764.456677,142.75892019784752,3.246610999521819
Vietnam,Asia,2007,74.249,85262356,2441.576404,208.17455655904783,3.387670319165468
West Bank and Gaza,Asia,1952,43.16,1030585,1515.592329,1.561946720382465,3.180582398475876
West Bank and Gaza,Asia,1957,45.671,1070439,1827.067742,1.9557645666787378,3.26175464994224
West Bank and Gaza,Asia,1962,48.127,1133134,2198.956312,2.4917121616418076,3.342216601054377
West Bank and Gaza,Asia,1967,51.631,1142636,2649.715007,3.027659756738452,3.4231991654299403
West Bank and Gaza,Asia,1972,56.532,1089572,3133.409277,3.414075012759444,3.4960171248956784
West Bank and Gaza,Asia,1977,60.765,1261091,3682.831494,4.644385651599953,3.5661818483960137
West Bank and Gaza,Asia,1982,64.406,1425876,4336.032082,6.182644080953832,3.637092486856904
West Bank and Gaza,Asia,1987,67.046,1691210,5107.197384,8.63734328779464,3.708182642881089
West Bank and Gaza,Asia,1992,69.718,2104779,6017.654756,12.665833359678924,3.7794272678399
West Bank and Gaza,Asia,1997,71.096,2826046,7110.667619,20.095073782004473,3.8519103784563393
West Bank and Gaza,Asia,2002,72.37,3389578,4515.487575,15.305597343493352,3.654704651592898
West Bank and Gaza,Asia,2007,73.422,4018332,3025.349798,12.156859904496937,3.4807755960325997
"Yemen, Rep.",Asia,1952,32.548,4963829,781.7175761,3.8803123740548866,2.8930498767229236
"Yemen, Rep.",Asia,1957,33.97,5498090,804.8304547,4.425030274681523,2.905704401680433
"Yemen, Rep.",Asia,1962,35.18,6120081,825.6232006,5.052880863151249,2.916781888438884
"Yemen, Rep.",Asia,1967,36.984,6740785,862.4421463,5.813537083146846,2.935729971704297
"Yemen, Rep.",Asia,1972,39.848,7407075,1265.047031,9.370298237144326,3.1021066716968924
"Yemen, Rep.",Asia,1977,44.175,8403990,1829.765177,15.37732824985623,3.262395358103764
"Yemen, Rep.",Asia,1982,49.113,9657618,1977.55701,19.09849017580218,3.2961290124081595
"Yemen, Rep.",Asia,1987,52.922,11219340,1971.741538,22.12163870694492,3.294849985667561
"Yemen, Rep.",Asia,1992,55.599,13367997,1879.496673,25.12510588617398,3.274041561282063
"Yemen, Rep.",Asia,1997,58.02,15826497,2117.484526,33.51236249828543,3.325820245308592
"Yemen, Rep.",Asia,2002,60.308,18701257,2234.820827,41.79395863467954,3.3492427100342104
"Yemen, Rep.",Asia,2007,62.698,22211743,2280.769906,50.65987499420616,3.3580814739680283
Zambia,Africa,1952,42.038,2672000,1147.388831,3.065822956432,3.0597106180244795
Zambia,Africa,1957,44.077,3016000,1311.956766,3.956861606256,3.1179195236089994
Zambia,Africa,1962,46.023,3421000,1452.725766,4.9697748454860005,3.16218363938167
Zambia,Africa,1967,47.768,3900000,1777.077318,6.9306015402000005,3.2497063237255377
Zambia,Africa,1972,50.107,4506497,1773.498265,7.992264610727705,3.2488307679411474
Zambia,Africa,1977,51.386,5216550,1588.688299,8.28747194614845,3.201038696890671
Zambia,Africa,1982,51.821,6100407,1408.678565,8.593512578675956,3.148811906258833
Zambia,Africa,1987,50.821,7272406,1213.315116,8.823720129489097,3.0839736082590066
Zambia,Africa,1992,46.1,8381163,1210.884633,10.148621483368178,3.0831027677192613
Zambia,Africa,1997,40.238,9417789,1071.353818,10.089784202268403,3.029932921652261
Zambia,Africa,2002,39.193,10595811,1071.613938,11.354618752013717,3.0300383536456925
Zambia,Africa,2007,42.384,11746035,1271.211593,14.931695863783755,3.1042178448294138
Zimbabwe,Africa,1952,48.451,3080907,406.8841148,1.2535721174761236,2.609470734853601
Zimbabwe,Africa,1957,50.469,3646340,518.7642681,1.8915909013437537,2.7149700547261855
Zimbabwe,Africa,1962,52.358,4277736,527.2721818,2.2555311938844045,2.7220348591193506
Zimbabwe,Africa,1967,53.995,4995432,569.7950712,2.8463725321147586,2.755718688217076
Zimbabwe,Africa,1972,55.635,5861135,799.3621758,4.685169626257533,2.9027435944745257
Zimbabwe,Africa,1977,57.674,6642107,685.5876821,4.553746742390185,2.8360630060504155
Zimbabwe,Africa,1982,60.363,7636524,788.8550411,6.024110453881136,2.8969972051938737
Zimbabwe,Africa,1987,62.351,9216418,706.1573059,6.5082409049282655,2.848901456681418
Zimbabwe,Africa,1992,60.377,10704340,693.4207856,7.422611852129505,2.8409968556879672
Zimbabwe,Africa,1997,46.809,11404948,792.4499603,9.037850589823565,2.8989718479854227
Zimbabwe,Africa,2002,39.989,11926563,672.0386227,8.01511097206478,2.827394233088764
Zimbabwe,Africa,2007,43.487,12311143,469.7092981,5.782658337338729,2.67182915731664
